Run,ReleaseDate,LoadDate,spots,bases,spots_with_mates,avgLength,size_MB,AssemblyName,download_path,Experiment,LibraryName,LibraryStrategy,LibrarySelection,LibrarySource,LibraryLayout,InsertSize,InsertDev,Platform,Model,SRAStudy,BioProject,Study_Pubmed_id,ProjectID,Sample,BioSample,SampleType,TaxID,ScientificName,SampleName,g1k_pop_code,source,g1k_analysis_group,Subject_ID,Sex,Disease,Tumor,Affection_Status,Analyte_Type,Histological_Type,Body_Site,CenterName,Submission,dbgap_study_accession,Consent,RunHash,ReadHash
SRR21816519,2022-10-05 16:54:57,2022-10-05 16:03:55,27025121,8089297249,27025121,299,2463,,https://sra-downloadb.be-md.ncbi.nlm.nih.gov/sos1/sra-pub-zq-38/SRR021/21816/SRR21816519/SRR21816519.lite.1,SRX17805818,18X-551-004_S3_L001,WGS,PCR,GENOMIC,PAIRED,0,0,ILLUMINA,Illumina HiSeq 4000,SRP401162,PRJNA887422,,887422,SRS15330082,SAMN31166877,simple,77065,Salix purpurea,18X-551-004,,,,,monoecious,,no,,,,,CORNELL UNIVERSITY,SRA1514212,,public,F9E5D11B99814B148304E242069D705C,029609F06A60226B16262CA7D11E6E94
SRR21816508,2022-10-05 16:54:57,2022-10-05 15:28:28,44532304,13327718658,44532304,299,4056,,https://sra-pub-run-odp.s3.amazonaws.com/sra/SRR21816508/SRR21816508,SRX17805829,18X-551-271_S1_L001,WGS,PCR,GENOMIC,PAIRED,0,0,ILLUMINA,Illumina HiSeq 4000,SRP401162,PRJNA887422,,887422,SRS15330093,SAMN31166878,simple,77065,Salix purpurea,18X-551-271,,,,,monoecious,,no,,,,,CORNELL UNIVERSITY,SRA1514212,,public,4559F3713E842054DB68E7DCE27D61C0,0E0B18F5344371241C777ACB727F255C
SRR21816502,2022-10-05 16:54:58,2022-10-05 15:38:32,30468233,9119490958,30468233,299,2783,,https://sra-downloadb.be-md.ncbi.nlm.nih.gov/sos1/sra-pub-zq-38/SRR021/21816/SRR21816502/SRR21816502.lite.1,SRX17805835,18X-551-358_S2_L001,WGS,PCR,GENOMIC,PAIRED,0,0,ILLUMINA,Illumina HiSeq 4000,SRP401162,PRJNA887422,,887422,SRS15330099,SAMN31166879,simple,77065,Salix purpurea,18X-551-358,,,,,monoecious,,no,,,,,CORNELL UNIVERSITY,SRA1514212,,public,77E8C379581C6FCBDE01E9DDA8886AC6,E22A5BB764EC4CC80DD2EC0B9F6582EB
SRR21816501,2022-10-05 16:54:58,2022-10-05 15:12:16,12753838,3821035854,12753838,299,1159,,https://sra-downloadb.be-md.ncbi.nlm.nih.gov/sos1/sra-pub-zq-38/SRR021/21816/SRR21816501/SRR21816501.lite.1,SRX17805836,19X-232-032_S4_L001,WGS,PCR,GENOMIC,PAIRED,0,0,ILLUMINA,Illumina HiSeq 4000,SRP401162,PRJNA887422,,887422,SRS15330100,SAMN31166880,simple,77065,Salix purpurea,19X-232-032,,,,,female,,no,,,,,CORNELL UNIVERSITY,SRA1514212,,public,AB06DA33963DEA34096195188F7CADC8,7DC6E28BC6214B9D9B8B80F869A58047
SRR21816500,2022-10-05 16:54:58,2022-10-05 15:06:23,4579562,1361714488,4579562,297,416,,https://sra-downloadb.be-md.ncbi.nlm.nih.gov/sos1/sra-pub-zq-38/SRR021/21816/SRR21816500/SRR21816500.lite.1,SRX17805837,19X-232-042_S5_L001,WGS,PCR,GENOMIC,PAIRED,0,0,ILLUMINA,Illumina HiSeq 4000,SRP401162,PRJNA887422,,887422,SRS15330101,SAMN31166881,simple,77065,Salix purpurea,19X-232-042,,,,,monoecious,,no,,,,,CORNELL UNIVERSITY,SRA1514212,,public,5F6220AC8FF6C667F7F6E6AF0FD0C695,D941EBE7D1D9FE5B83105E2494012DB9
SRR21816499,2022-10-05 16:54:58,2022-10-05 15:42:47,23593792,7066194794,23593792,299,2145,,https://sra-downloadb.be-md.ncbi.nlm.nih.gov/sos1/sra-pub-zq-38/SRR021/21816/SRR21816499/SRR21816499.lite.1,SRX17805838,19X-232-044_S6_L001,WGS,PCR,GENOMIC,PAIRED,0,0,ILLUMINA,Illumina HiSeq 4000,SRP401162,PRJNA887422,,887422,SRS15330102,SAMN31166882,simple,77065,Salix purpurea,19X-232-044,,,,,monoecious,,no,,,,,CORNELL UNIVERSITY,SRA1514212,,public,25A260E38F206700E49A9616991F692D,6FF5C01C99EA56F0649C7BB1065707D3
SRR21816498,2022-10-05 16:54:58,2022-10-05 15:28:20,35038642,10500094509,35038642,299,3171,,https://sra-downloadb.be-md.ncbi.nlm.nih.gov/sos1/sra-pub-zq-38/SRR021/21816/SRR21816498/SRR21816498.lite.1,SRX17805839,19X-232-054_S7_L001,WGS,PCR,GENOMIC,PAIRED,0,0,ILLUMINA,Illumina HiSeq 4000,SRP401162,PRJNA887422,,887422,SRS15330103,SAMN31166883,simple,77065,Salix purpurea,19X-232-054,,,,,female,,no,,,,,CORNELL UNIVERSITY,SRA1514212,,public,BF4A9E8811952484CFE79B132C795CCC,3D3C7491354339AED1720196DAED1DE1
SRR21816497,2022-10-05 16:54:58,2022-10-05 15:53:14,14290865,4253377241,14290865,297,1357,,https://sra-downloadb.be-md.ncbi.nlm.nih.gov/sos1/sra-pub-zq-38/SRR021/21816/SRR21816497/SRR21816497.lite.1,SRX17805840,19X-232-056_S37_L001,WGS,PCR,GENOMIC,PAIRED,0,0,ILLUMINA,Illumina HiSeq 4000,SRP401162,PRJNA887422,,887422,SRS15330104,SAMN31166884,simple,77065,Salix purpurea,19X-232-056,,,,,male,,no,,,,,CORNELL UNIVERSITY,SRA1514212,,public,C9FAE669A0B3AA7DB7C5B23149C41BF5,3F63F3F9AFB14E9647062E4937765CAC
SRR21816496,2022-10-05 16:54:58,2022-10-05 16:11:49,20984910,6281360451,20984910,299,1918,,https://sra-downloadb.be-md.ncbi.nlm.nih.gov/sos1/sra-pub-zq-38/SRR021/21816/SRR21816496/SRR21816496.lite.1,SRX17805841,19X-232-078_S8_L001,WGS,PCR,GENOMIC,PAIRED,0,0,ILLUMINA,Illumina HiSeq 4000,SRP401162,PRJNA887422,,887422,SRS15330105,SAMN31166885,simple,77065,Salix purpurea,19X-232-078,,,,,male,,no,,,,,CORNELL UNIVERSITY,SRA1514212,,public,50A95A7CC6A30544276E5D89FB69ED0D,749718CA077C08C57F395CD408C00AF8
SRR21816518,2022-10-05 16:54:57,2022-10-05 15:11:57,14809727,4427815730,14809727,298,1361,,https://sra-pub-run-odp.s3.amazonaws.com/sra/SRR21816518/SRR21816518,SRX17805819,19X-232-081_S9_L001,WGS,PCR,GENOMIC,PAIRED,0,0,ILLUMINA,Illumina HiSeq 4000,SRP401162,PRJNA887422,,887422,SRS15330083,SAMN31166886,simple,77065,Salix purpurea,19X-232-081,,,,,monoecious,,no,,,,,CORNELL UNIVERSITY,SRA1514212,,public,47B1D8BD1986A5CCE3228EDA6C3DA9A7,F1E0350BA784550F4230F425B40A11A6
SRR21816517,2022-10-05 16:54:57,2022-10-05 15:11:20,14295370,4261028761,14295370,298,1318,,https://sra-pub-run-odp.s3.amazonaws.com/sra/SRR21816517/SRR21816517,SRX17805820,19X-232-088_11_S2_L001,WGS,PCR,GENOMIC,PAIRED,0,0,ILLUMINA,Illumina HiSeq 4000,SRP401162,PRJNA887422,,887422,SRS15330084,SAMN31166887,simple,77065,Salix purpurea,19X-232-088,,,,,monoecious,,no,,,,,CORNELL UNIVERSITY,SRA1514212,,public,60D7D2D98F2351ED2E9C0DDB3638D1B8,1FF4A61B202109FCA026D2DEF669443F
SRR21816516,2022-10-05 16:54:57,2022-10-05 15:12:50,16128866,4824707417,16128866,299,1473,,https://sra-downloadb.be-md.ncbi.nlm.nih.gov/sos1/sra-pub-zq-38/SRR021/21816/SRR21816516/SRR21816516.lite.1,SRX17805821,19X-232-134_S12_L001,WGS,PCR,GENOMIC,PAIRED,0,0,ILLUMINA,Illumina HiSeq 4000,SRP401162,PRJNA887422,,887422,SRS15330085,SAMN31166888,simple,77065,Salix purpurea,19X-232-134,,,,,female,,no,,,,,CORNELL UNIVERSITY,SRA1514212,,public,C8350A069B89055966145D590DD45621,D26CDF561CA6D5BBAAD96886A74D3E28
SRR21816515,2022-10-05 16:54:57,2022-10-05 15:29:23,23473434,7029421470,23473434,299,2142,,https://sra-downloadb.be-md.ncbi.nlm.nih.gov/sos1/sra-pub-zq-38/SRR021/21816/SRR21816515/SRR21816515.lite.1,SRX17805822,19X-232-179_S13_L001,WGS,PCR,GENOMIC,PAIRED,0,0,ILLUMINA,Illumina HiSeq 4000,SRP401162,PRJNA887422,,887422,SRS15330086,SAMN31166889,simple,77065,Salix purpurea,19X-232-179,,,,,male,,no,,,,,CORNELL UNIVERSITY,SRA1514212,,public,7741CA6EFAC164E0100FEBBA23922E4B,C658497A076E7CBC817A38515EA9BB87
SRR21816514,2022-10-05 16:54:57,2022-10-05 16:06:49,24450744,7320191664,24450744,299,2234,,https://sra-pub-run-odp.s3.amazonaws.com/sra/SRR21816514/SRR21816514,SRX17805823,19X-232-190_S14_L001,WGS,PCR,GENOMIC,PAIRED,0,0,ILLUMINA,Illumina HiSeq 4000,SRP401162,PRJNA887422,,887422,SRS15330087,SAMN31166890,simple,77065,Salix purpurea,19X-232-190,,,,,female,,no,,,,,CORNELL UNIVERSITY,SRA1514212,,public,F823FEEECA3772762F5ACE8D47997F77,2FC03724CDD202157B5857C9721E6834
SRR21816513,2022-10-05 16:54:57,2022-10-05 15:12:59,11160258,3340747356,11160258,299,1014,,https://sra-downloadb.be-md.ncbi.nlm.nih.gov/sos1/sra-pub-zq-38/SRR021/21816/SRR21816513/SRR21816513.lite.1,SRX17805824,19X-232-191_S15_L001,WGS,PCR,GENOMIC,PAIRED,0,0,ILLUMINA,Illumina HiSeq 4000,SRP401162,PRJNA887422,,887422,SRS15330088,SAMN31166891,simple,77065,Salix purpurea,19X-232-191,,,,,monoecious,,no,,,,,CORNELL UNIVERSITY,SRA1514212,,public,082687D1BECA00CD77DCA9CF02260BCA,FBF908B7D7D22934153D19C2BBFA732D
SRR21816512,2022-10-05 16:54:57,2022-10-05 15:29:01,36030714,10790622017,36030714,299,3271,,https://sra-downloadb.be-md.ncbi.nlm.nih.gov/sos1/sra-pub-zq-38/SRR021/21816/SRR21816512/SRR21816512.lite.1,SRX17805825,19X-232-200_S16_L001,WGS,PCR,GENOMIC,PAIRED,0,0,ILLUMINA,Illumina HiSeq 4000,SRP401162,PRJNA887422,,887422,SRS15330089,SAMN31166892,simple,77065,Salix purpurea,19X-232-200,,,,,female,,no,,,,,CORNELL UNIVERSITY,SRA1514212,,public,C0A3F4B83FBC3D0B46174F25E7DA5192,526FFB6DB0B24884077851850A2E5791
SRR21816511,2022-10-05 16:54:57,2022-10-05 16:28:58,21561450,6452298428,21561450,299,1977,,https://sra-downloadb.be-md.ncbi.nlm.nih.gov/sos1/sra-pub-zq-38/SRR021/21816/SRR21816511/SRR21816511.lite.1,SRX17805826,19X-562-011_S17_L001,WGS,PCR,GENOMIC,PAIRED,0,0,ILLUMINA,Illumina HiSeq 4000,SRP401162,PRJNA887422,,887422,SRS15330090,SAMN31166893,simple,77065,Salix purpurea,19X-562-011,,,,,monoecious,,no,,,,,CORNELL UNIVERSITY,SRA1514212,,public,7F23AD14D3C04CD8B841F45AEA2E5AF4,2B0034D5618C1B200B52B4E1198AC7C9
SRR21816510,2022-10-05 16:54:57,2022-10-05 15:55:23,21365730,6394280066,21365730,299,1959,,https://sra-downloadb.be-md.ncbi.nlm.nih.gov/sos1/sra-pub-zq-38/SRR021/21816/SRR21816510/SRR21816510.lite.1,SRX17805827,19X-562-012_S18_L001,WGS,PCR,GENOMIC,PAIRED,0,0,ILLUMINA,Illumina HiSeq 4000,SRP401162,PRJNA887422,,887422,SRS15330091,SAMN31166894,simple,77065,Salix purpurea,19X-562-012,,,,,male,,no,,,,,CORNELL UNIVERSITY,SRA1514212,,public,2E0FAE3C80EEF999C1AEEA1EB59707BD,19E1D75366CC254D8F505EE6D39862CB
SRR21816509,2022-10-05 16:54:57,2022-10-05 15:07:30,6607479,1973922530,6607479,298,602,,https://sra-downloadb.be-md.ncbi.nlm.nih.gov/sos1/sra-pub-zq-38/SRR021/21816/SRR21816509/SRR21816509.lite.1,SRX17805828,19X-562-052_20_S3_L001,WGS,PCR,GENOMIC,PAIRED,0,0,ILLUMINA,Illumina HiSeq 4000,SRP401162,PRJNA887422,,887422,SRS15330092,SAMN31166895,simple,77065,Salix purpurea,19X-562-052,,,,,monoecious,,no,,,,,CORNELL UNIVERSITY,SRA1514212,,public,156328F84401F62A4061112DD7F7F5B1,4055E9FCC72367D687E64812E4F83F18
SRR21816507,2022-10-05 16:54:57,2022-10-05 15:59:13,26616649,7967482080,26616649,299,2434,,https://sra-downloadb.be-md.ncbi.nlm.nih.gov/sos1/sra-pub-zq-38/SRR021/21816/SRR21816507/SRR21816507.lite.1,SRX17805830,19X-562-090_S20_L001,WGS,PCR,GENOMIC,PAIRED,0,0,ILLUMINA,Illumina HiSeq 4000,SRP401162,PRJNA887422,,887422,SRS15330094,SAMN31166896,simple,77065,Salix purpurea,19X-562-090,,,,,monoecious,,no,,,,,CORNELL UNIVERSITY,SRA1514212,,public,DE2CE9A059BD4B9FE3CB79CC0AB21059,72A3F48B43DAC576A4E7FF29CEB8FD95
SRR21816506,2022-10-05 16:54:57,2022-10-05 15:07:46,5265960,1570656996,5265960,298,476,,https://sra-downloadb.be-md.ncbi.nlm.nih.gov/sos1/sra-pub-zq-38/SRR021/21816/SRR21816506/SRR21816506.lite.1,SRX17805831,19X-562-165_S21_L001,WGS,PCR,GENOMIC,PAIRED,0,0,ILLUMINA,Illumina HiSeq 4000,SRP401162,PRJNA887422,,887422,SRS15330095,SAMN31166897,simple,77065,Salix purpurea,19X-562-165,,,,,male,,no,,,,,CORNELL UNIVERSITY,SRA1514212,,public,FAFEFC3F0052873ECA706DD39CDAD835,BD949FB51EF7FA6FABBA0DF0316D1C33
SRR21816505,2022-10-05 16:54:58,2022-10-05 16:00:01,24567596,7321182611,24567596,298,2317,,https://sra-pub-run-odp.s3.amazonaws.com/sra/SRR21816505/SRR21816505,SRX17805832,19X-562-230_S39_L001,WGS,PCR,GENOMIC,PAIRED,0,0,ILLUMINA,Illumina HiSeq 4000,SRP401162,PRJNA887422,,887422,SRS15330096,SAMN31166898,simple,77065,Salix purpurea,19X-562-230,,,,,male,,no,,,,,CORNELL UNIVERSITY,SRA1514212,,public,2203D948CB2D1281FAFAE9FD505D7F45,0DC16E34DB45BCD316A2631AB124473F
SRR21816504,2022-10-05 16:54:58,2022-10-05 16:00:12,19561114,5851041467,19561114,299,1797,,https://sra-downloadb.be-md.ncbi.nlm.nih.gov/sos1/sra-pub-zq-38/SRR021/21816/SRR21816504/SRR21816504.lite.1,SRX17805833,19X-562-328_S22_L001,WGS,PCR,GENOMIC,PAIRED,0,0,ILLUMINA,Illumina HiSeq 4000,SRP401162,PRJNA887422,,887422,SRS15330097,SAMN31166899,simple,77065,Salix purpurea,19X-562-328,,,,,monoecious,,no,,,,,CORNELL UNIVERSITY,SRA1514212,,public,0C0A5C86F13C0051DEA1F51A165D484F,2A436F9D42CE694E8AF6FA9B6F8688C9
SRR21816503,2022-10-05 16:54:58,2022-10-05 15:21:35,17707284,5309685452,17707284,299,1610,,https://sra-pub-run-odp.s3.amazonaws.com/sra/SRR21816503/SRR21816503,SRX17805834,19X-562-355_25_S33_L001,WGS,PCR,GENOMIC,PAIRED,0,0,ILLUMINA,Illumina HiSeq 4000,SRP401162,PRJNA887422,,887422,SRS15330098,SAMN31166900,simple,77065,Salix purpurea,19X-562-355,,,,,monoecious,,no,,,,,CORNELL UNIVERSITY,SRA1514212,,public,05D67C9A97987B3031B96360F41BCD55,E7B45100D900B9B13339FD2F041E7A37
SRR18795260,2022-04-18 17:41:43,2022-04-18 17:03:00,160219548,48065864400,160219548,300,17991,,https://sra-downloadb.be-md.ncbi.nlm.nih.gov/sos3/sra-pub-zq-24/SRR018/18795/SRR18795260/SRR18795260.lite.1,SRX14893727,94001_illumina_dna_lib,WGS,PCR,GENOMIC,PAIRED,0,0,ILLUMINA,HiSeq X Ten,SRP370905,PRJNA827350,,827350,SRS12646722,SAMN27609052,simple,77065,Salix purpurea,94001_illumina_dna,,,,,,,no,,,,,OAK RIDGE NATIONAL LABORATORY,SRA1406122,,public,28579C85EDC8331DD45EC640FE55318D,ACF8172B13A5BF2420D01ABD7CCBB2EB
SRR18795277,2022-04-18 16:57:25,2022-04-18 16:04:47,4072271,25355292923,0,6226,20802,,https://sra-pub-run-odp.s3.amazonaws.com/sra/SRR18795277/SRR18795277,SRX14893710,94001_nanopore_dna_lib,WGS,PCR,GENOMIC,SINGLE,0,0,OXFORD_NANOPORE,MinION,SRP370905,PRJNA827350,,827350,SRS12646705,SAMN27609063,simple,77065,Salix purpurea,94001_nanopore_dna,,,,,,,no,,,,,OAK RIDGE NATIONAL LABORATORY,SRA1406122,,public,376D45391E673F469520EA075EB476DA,C82A055733B6E31C72B7962A1BAD6BCC
SRR21816520,2022-10-05 16:54:57,2022-10-05 15:53:17,14555130,4350598423,14555130,298,1378,,https://sra-downloadb.be-md.ncbi.nlm.nih.gov/sos1/sra-pub-zq-38/SRR021/21816/SRR21816520/SRR21816520.lite.1,SRX17805817,94003_S24_L001,WGS,PCR,GENOMIC,PAIRED,0,0,ILLUMINA,Illumina HiSeq 4000,SRP401162,PRJNA887422,,887422,SRS15330081,SAMN31166876,simple,77065,Salix purpurea,94003,,,,,monoecious,,no,,,,,CORNELL UNIVERSITY,SRA1514212,,public,0906DCC38EFCDF6E3B5E419A8BA64534,545DD00641A6A7AAFA6922D9F0D1A60A
SRR21824870,2022-10-06 14:03:58,2022-10-06 13:53:39,1501707,32939711618,0,21934,23399,,https://sra-downloadb.be-md.ncbi.nlm.nih.gov/sos4/sra-pub-run-30/SRR021/21824/SRR21824870/SRR21824870.1,SRX17814089,m64335e_220719_214656.hifi_reads,WGS,RANDOM,GENOMIC,SINGLE,0,0,PACBIO_SMRT,Sequel II,SRP401317,PRJNA887746,,887746,SRS15338044,SAMN31183558,simple,77065,Salix purpurea,94003-PacBio,,,,,monoecious,,no,,,,,CORNELL UNIVERSITY,SRA1514991,,public,818C95B52979C1DC315F7CD65D771335,C5F6A16DB3624477F52E23A40EC6D9C9
SRR21824871,2022-10-06 13:54:37,2022-10-06 13:44:23,1056075,23100648927,0,21874,17127,,https://sra-downloadb.be-md.ncbi.nlm.nih.gov/sos4/sra-pub-run-30/SRR021/21824/SRR21824871/SRR21824871.1,SRX17814088,m64019_220714_193023.hifi_reads,WGS,RANDOM,GENOMIC,SINGLE,0,0,PACBIO_SMRT,Sequel II,SRP401317,PRJNA887746,,887746,SRS15338044,SAMN31183558,simple,77065,Salix purpurea,94003-PacBio,,,,,monoecious,,no,,,,,CORNELL UNIVERSITY,SRA1514991,,public,EDC0F58AADF23C8167B2D70E781AD785,CFB7316140CC2E41BB4F60C8B03BAEC2
SRR18795318,2022-04-18 17:41:43,2022-04-18 16:42:46,160592564,48177769200,160592564,300,17869,,https://sra-downloadb.be-md.ncbi.nlm.nih.gov/sos2/sra-pub-zq-20/SRR018/18795/SRR18795318/SRR18795318.lite.1,SRX14893669,94006_illumina_dna_lib,WGS,PCR,GENOMIC,PAIRED,0,0,ILLUMINA,HiSeq X Ten,SRP370905,PRJNA827350,,827350,SRS12646664,SAMN27609053,simple,77065,Salix purpurea,94006_illumina_dna,,,,,,,no,,,,,OAK RIDGE NATIONAL LABORATORY,SRA1406122,,public,C540DF38F6D223029A20FE2AB5A61072,A447F84A04181CAB4C479C7092112E3D
SRR18795276,2022-04-18 17:41:43,2022-04-18 16:58:01,4701090,34572256165,0,7354,28354,,https://sra-downloadb.be-md.ncbi.nlm.nih.gov/sos2/sra-pub-zq-20/SRR018/18795/SRR18795276/SRR18795276.lite.1,SRX14893711,94006_nanopore_dna_lib,WGS,PCR,GENOMIC,SINGLE,0,0,OXFORD_NANOPORE,MinION,SRP370905,PRJNA827350,,827350,SRS12646706,SAMN27609064,simple,77065,Salix purpurea,94006_nanopore_dna,,,,,,,no,,,,,OAK RIDGE NATIONAL LABORATORY,SRA1406122,,public,8C3C2259AB8CA51B5D4B01802CA3625D,F9CEAB1464E0BB906F7CDE5D0AD59E57
SRR4170081,2016-09-06 00:56:18,2016-09-06 03:07:53,113778862,57116988724,113778862,502,30538,,https://sra-downloadb.be-md.ncbi.nlm.nih.gov/sos5/sra-pub-zq-14/SRR004/170/SRR4170081.sralite.1,SRX2139414,AGHCH,WGS,other,GENOMIC,PAIRED,0,0,ILLUMINA,Illumina HiSeq 2500,SRP086434,PRJNA334201,,334201,SRS1671462,SAMN05442889,simple,77065,Salix purpurea,Gp0110685,,,,,,,no,,,,,JGI,SRA462525,,public,0881F46B56EB504C45CA5F2274DCC390,5B4DB83CF988C64AFC57B52B993B0EEB
SRR4170082,2016-09-06 00:56:25,2016-09-06 01:09:25,64470,684548303,0,10618,443,,https://sra-downloadb.be-md.ncbi.nlm.nih.gov/sos5/sra-pub-zq-11/SRR004/170/SRR4170082/SRR4170082.lite.1,SRX2139415,ASAXH,WGS,RANDOM,GENOMIC,SINGLE,0,0,PACBIO_SMRT,PacBio RS,SRP086434,PRJNA334201,,334201,SRS1671462,SAMN05442889,simple,77065,Salix purpurea,Gp0110685,,,,,,,no,,,,,JGI,SRA462525,,public,8BCB2A4371070C3351079DE7CED3D463,556279D86DCDA24C33B7AE85AD770C1E
SRR4170083,2016-09-06 00:56:35,2016-09-06 01:08:24,92678,980489478,0,10579,637,,https://sra-downloadb.be-md.ncbi.nlm.nih.gov/sos5/sra-pub-zq-11/SRR004/170/SRR4170083/SRR4170083.lite.1,SRX2139416,ASAXH,WGS,RANDOM,GENOMIC,SINGLE,0,0,PACBIO_SMRT,PacBio RS,SRP086434,PRJNA334201,,334201,SRS1671462,SAMN05442889,simple,77065,Salix purpurea,Gp0110685,,,,,,,no,,,,,JGI,SRA462525,,public,2BB73568638C21EBC160B773B517EA7A,2759338C058A920C2CA5C0CC0D680839
SRR4170084,2016-09-06 00:56:42,2016-09-06 01:13:07,113449,1176742210,0,10372,768,,https://sra-downloadb.be-md.ncbi.nlm.nih.gov/sos5/sra-pub-zq-11/SRR004/170/SRR4170084/SRR4170084.lite.1,SRX2139417,ASAXH,WGS,RANDOM,GENOMIC,SINGLE,0,0,PACBIO_SMRT,PacBio RS,SRP086434,PRJNA334201,,334201,SRS1671462,SAMN05442889,simple,77065,Salix purpurea,Gp0110685,,,,,,,no,,,,,JGI,SRA462525,,public,CF7625699255C441C0C9F1C28605AD2B,47B98D4E86BBB844AE22B5B6BA914490
SRR4170085,2016-09-06 00:56:49,2016-09-06 01:09:13,110401,1114708575,0,10096,732,,https://sra-downloadb.be-md.ncbi.nlm.nih.gov/sos5/sra-pub-zq-11/SRR004/170/SRR4170085/SRR4170085.lite.1,SRX2139418,ASAXH,WGS,RANDOM,GENOMIC,SINGLE,0,0,PACBIO_SMRT,PacBio RS,SRP086434,PRJNA334201,,334201,SRS1671462,SAMN05442889,simple,77065,Salix purpurea,Gp0110685,,,,,,,no,,,,,JGI,SRA462525,,public,6B2E7E6144F9578DECEE8B7FE54F2A33,70BEC81CEDACB295245382E3D610E312
SRR4170086,2016-09-06 00:56:55,2016-09-06 01:11:27,106871,1107900377,0,10366,726,,https://sra-downloadb.be-md.ncbi.nlm.nih.gov/sos5/sra-pub-zq-11/SRR004/170/SRR4170086/SRR4170086.lite.1,SRX2139419,ASAXH,WGS,RANDOM,GENOMIC,SINGLE,0,0,PACBIO_SMRT,PacBio RS,SRP086434,PRJNA334201,,334201,SRS1671462,SAMN05442889,simple,77065,Salix purpurea,Gp0110685,,,,,,,no,,,,,JGI,SRA462525,,public,94629F819F629923CD6029C574977403,E5164FF826255A330156D256BD6E8DC3
SRR4170087,2016-09-06 00:57:02,2016-09-06 01:07:58,85330,869388150,0,10188,569,,https://sra-downloadb.be-md.ncbi.nlm.nih.gov/sos5/sra-pub-zq-11/SRR004/170/SRR4170087/SRR4170087.lite.1,SRX2139420,ASAXH,WGS,RANDOM,GENOMIC,SINGLE,0,0,PACBIO_SMRT,PacBio RS,SRP086434,PRJNA334201,,334201,SRS1671462,SAMN05442889,simple,77065,Salix purpurea,Gp0110685,,,,,,,no,,,,,JGI,SRA462525,,public,85452EBBEE357632B81D96CA9E6F5DCD,DEC4AE89AFED1936E9A5B346B516AB12
SRR4170088,2016-09-06 00:57:10,2016-09-06 01:10:51,109760,1152905214,0,10503,754,,https://sra-downloadb.be-md.ncbi.nlm.nih.gov/sos5/sra-pub-zq-11/SRR004/170/SRR4170088/SRR4170088.lite.1,SRX2139421,ASAXH,WGS,RANDOM,GENOMIC,SINGLE,0,0,PACBIO_SMRT,PacBio RS,SRP086434,PRJNA334201,,334201,SRS1671462,SAMN05442889,simple,77065,Salix purpurea,Gp0110685,,,,,,,no,,,,,JGI,SRA462525,,public,6F678536ADB78A268C15C49C28F11CB6,2024D2F570D0B90A6E98323537A341C4
SRR4170089,2016-09-06 00:57:17,2016-09-06 01:09:50,97988,1004894768,0,10255,661,,https://sra-downloadb.be-md.ncbi.nlm.nih.gov/sos5/sra-pub-zq-11/SRR004/170/SRR4170089/SRR4170089.lite.1,SRX2139422,ASAXH,WGS,RANDOM,GENOMIC,SINGLE,0,0,PACBIO_SMRT,PacBio RS,SRP086434,PRJNA334201,,334201,SRS1671462,SAMN05442889,simple,77065,Salix purpurea,Gp0110685,,,,,,,no,,,,,JGI,SRA462525,,public,039018CA90F1024DAAEDDCA9B1050BB4,6156745A71A7FC87598F8033B7E6232F
SRR4170090,2016-09-06 00:57:24,2016-09-06 01:12:33,99763,1031943954,0,10343,677,,https://sra-downloadb.be-md.ncbi.nlm.nih.gov/sos5/sra-pub-zq-11/SRR004/170/SRR4170090/SRR4170090.lite.1,SRX2139423,ASAXH,WGS,RANDOM,GENOMIC,SINGLE,0,0,PACBIO_SMRT,PacBio RS,SRP086434,PRJNA334201,,334201,SRS1671462,SAMN05442889,simple,77065,Salix purpurea,Gp0110685,,,,,,,no,,,,,JGI,SRA462525,,public,41AC37FB3F1C4EB0002BFEDF680CE512,12AB824BCB48956A1DFC13E093205591
SRR4170091,2016-09-06 00:57:30,2016-09-06 01:12:26,94027,959034672,0,10199,632,,https://sra-downloadb.be-md.ncbi.nlm.nih.gov/sos5/sra-pub-zq-11/SRR004/170/SRR4170091/SRR4170091.lite.1,SRX2139424,ASAXH,WGS,RANDOM,GENOMIC,SINGLE,0,0,PACBIO_SMRT,PacBio RS,SRP086434,PRJNA334201,,334201,SRS1671462,SAMN05442889,simple,77065,Salix purpurea,Gp0110685,,,,,,,no,,,,,JGI,SRA462525,,public,E9528D006CC71D699F5CC55B9896462E,F1CE80F03728E040E0C1B75F958AA6FB
SRR4170092,2016-09-06 00:57:38,2016-09-06 01:10:47,90864,929829229,0,10233,609,,https://sra-downloadb.be-md.ncbi.nlm.nih.gov/sos5/sra-pub-zq-11/SRR004/170/SRR4170092/SRR4170092.lite.1,SRX2139425,ASAXH,WGS,RANDOM,GENOMIC,SINGLE,0,0,PACBIO_SMRT,PacBio RS,SRP086434,PRJNA334201,,334201,SRS1671462,SAMN05442889,simple,77065,Salix purpurea,Gp0110685,,,,,,,no,,,,,JGI,SRA462525,,public,FF704154A6E14E72F7A7D4BBA203431C,D79C5145EECD27B3AB0D6F0584F1B29C
SRR4170093,2016-09-06 00:57:45,2016-09-06 01:08:26,84019,847723085,0,10089,554,,https://sra-downloadb.be-md.ncbi.nlm.nih.gov/sos5/sra-pub-zq-11/SRR004/170/SRR4170093/SRR4170093.lite.1,SRX2139426,ASAXH,WGS,RANDOM,GENOMIC,SINGLE,0,0,PACBIO_SMRT,PacBio RS,SRP086434,PRJNA334201,,334201,SRS1671462,SAMN05442889,simple,77065,Salix purpurea,Gp0110685,,,,,,,no,,,,,JGI,SRA462525,,public,0243E4731BC5881B74486943DBF1D800,C3881AC9F6735A83D7E8EBEB26A61F25
SRR4170094,2016-09-06 00:57:52,2016-09-06 01:13:29,99723,1056343071,0,10592,697,,https://sra-downloadb.be-md.ncbi.nlm.nih.gov/sos5/sra-pub-zq-11/SRR004/170/SRR4170094/SRR4170094.lite.1,SRX2139427,ASAXH,WGS,RANDOM,GENOMIC,SINGLE,0,0,PACBIO_SMRT,PacBio RS,SRP086434,PRJNA334201,,334201,SRS1671462,SAMN05442889,simple,77065,Salix purpurea,Gp0110685,,,,,,,no,,,,,JGI,SRA462525,,public,0C661271DE723F69D41718AD4B0EDBA0,08506263C5329E4CDC4ECB020B51D53D
SRR4170095,2016-09-06 00:57:59,2016-09-06 01:10:59,93560,987872485,0,10558,649,,https://sra-downloadb.be-md.ncbi.nlm.nih.gov/sos5/sra-pub-zq-11/SRR004/170/SRR4170095/SRR4170095.lite.1,SRX2139428,ASAXH,WGS,RANDOM,GENOMIC,SINGLE,0,0,PACBIO_SMRT,PacBio RS,SRP086434,PRJNA334201,,334201,SRS1671462,SAMN05442889,simple,77065,Salix purpurea,Gp0110685,,,,,,,no,,,,,JGI,SRA462525,,public,425D500DAAE6DA1CE6F422BED9F96CA4,683360B06DE3A87575B943B005A70137
SRR4170096,2016-09-06 00:58:07,2016-09-06 01:12:02,87337,934364855,0,10698,615,,https://sra-downloadb.be-md.ncbi.nlm.nih.gov/sos5/sra-pub-zq-11/SRR004/170/SRR4170096/SRR4170096.lite.1,SRX2139429,ASAXH,WGS,RANDOM,GENOMIC,SINGLE,0,0,PACBIO_SMRT,PacBio RS,SRP086434,PRJNA334201,,334201,SRS1671462,SAMN05442889,simple,77065,Salix purpurea,Gp0110685,,,,,,,no,,,,,JGI,SRA462525,,public,549529349FBD9DB705304D353E6A24C2,BE8BE4FA5D14598B3B0BD02781A82122
SRR4170097,2016-09-06 00:58:13,2016-09-06 01:11:51,85736,920659489,0,10738,603,,https://sra-downloadb.be-md.ncbi.nlm.nih.gov/sos5/sra-pub-zq-11/SRR004/170/SRR4170097/SRR4170097.lite.1,SRX2139430,ASAXH,WGS,RANDOM,GENOMIC,SINGLE,0,0,PACBIO_SMRT,PacBio RS,SRP086434,PRJNA334201,,334201,SRS1671462,SAMN05442889,simple,77065,Salix purpurea,Gp0110685,,,,,,,no,,,,,JGI,SRA462525,,public,20A3F3B63AC722EB2122011D621E2A3A,ED0A9507B0D8CAFE96A40AB8B6ACA2D2
SRR4170098,2016-09-06 00:58:20,2016-09-06 01:11:46,90475,954245424,0,10547,626,,https://sra-downloadb.be-md.ncbi.nlm.nih.gov/sos5/sra-pub-zq-11/SRR004/170/SRR4170098/SRR4170098.lite.1,SRX2139431,ASAXH,WGS,RANDOM,GENOMIC,SINGLE,0,0,PACBIO_SMRT,PacBio RS,SRP086434,PRJNA334201,,334201,SRS1671462,SAMN05442889,simple,77065,Salix purpurea,Gp0110685,,,,,,,no,,,,,JGI,SRA462525,,public,E2A7693731FABF77A98D81895729CF1E,7CFB1FC82CA9D2839967F102E3240690
SRR4170099,2016-09-06 00:58:26,2016-09-06 01:12:07,89847,959470877,0,10678,636,,https://sra-downloadb.be-md.ncbi.nlm.nih.gov/sos5/sra-pub-zq-11/SRR004/170/SRR4170099/SRR4170099.lite.1,SRX2139432,ASAXH,WGS,RANDOM,GENOMIC,SINGLE,0,0,PACBIO_SMRT,PacBio RS,SRP086434,PRJNA334201,,334201,SRS1671462,SAMN05442889,simple,77065,Salix purpurea,Gp0110685,,,,,,,no,,,,,JGI,SRA462525,,public,2A02585650C03D334D16FFA2B9EC5DD2,B7E12005DAC66CCE5275A8E4615BCC71
SRR4170100,2016-09-06 00:58:32,2016-09-06 01:10:50,90263,953525105,0,10563,627,,https://sra-downloadb.be-md.ncbi.nlm.nih.gov/sos5/sra-pub-zq-11/SRR004/170/SRR4170100/SRR4170100.lite.1,SRX2139433,ASAXH,WGS,RANDOM,GENOMIC,SINGLE,0,0,PACBIO_SMRT,PacBio RS,SRP086434,PRJNA334201,,334201,SRS1671462,SAMN05442889,simple,77065,Salix purpurea,Gp0110685,,,,,,,no,,,,,JGI,SRA462525,,public,0D9FE71A0B079665D03A355BA2635775,E568BBF164B27F011E2B389F2FD7314F
SRR4170101,2016-09-06 00:58:38,2016-09-06 01:10:58,117183,1235496536,0,10543,809,,https://sra-downloadb.be-md.ncbi.nlm.nih.gov/sos5/sra-pub-zq-11/SRR004/170/SRR4170101/SRR4170101.lite.1,SRX2139434,ASAXH,WGS,RANDOM,GENOMIC,SINGLE,0,0,PACBIO_SMRT,PacBio RS,SRP086434,PRJNA334201,,334201,SRS1671462,SAMN05442889,simple,77065,Salix purpurea,Gp0110685,,,,,,,no,,,,,JGI,SRA462525,,public,DA3828B8E81642242EBD709A1045DCF6,480F3B0F19411CC7CCC6BB5DED368045
SRR4170102,2016-09-06 00:58:44,2016-09-06 01:13:50,141854,1455749921,0,10262,964,,https://sra-downloadb.be-md.ncbi.nlm.nih.gov/sos5/sra-pub-zq-11/SRR004/170/SRR4170102/SRR4170102.lite.1,SRX2139435,ASAXH,WGS,RANDOM,GENOMIC,SINGLE,0,0,PACBIO_SMRT,PacBio RS,SRP086434,PRJNA334201,,334201,SRS1671462,SAMN05442889,simple,77065,Salix purpurea,Gp0110685,,,,,,,no,,,,,JGI,SRA462525,,public,9790DFF11C522EC57E284B2DAF5FE3E0,343FAFDC39FE7D2E5830CEED883E7C34
SRR4170103,2016-09-06 00:58:51,2016-09-06 01:14:04,141123,1510596020,0,10704,1002,,https://sra-downloadb.be-md.ncbi.nlm.nih.gov/sos5/sra-pub-zq-11/SRR004/170/SRR4170103/SRR4170103.lite.1,SRX2139436,ASAXH,WGS,RANDOM,GENOMIC,SINGLE,0,0,PACBIO_SMRT,PacBio RS,SRP086434,PRJNA334201,,334201,SRS1671462,SAMN05442889,simple,77065,Salix purpurea,Gp0110685,,,,,,,no,,,,,JGI,SRA462525,,public,62733F069432C639C42EB2A116420894,266AB26E61AADF5D7F8FE7F8F8A89C58
SRR4170104,2016-09-06 00:58:58,2016-09-06 01:12:53,128302,1530429936,0,11928,1037,,https://sra-downloadb.be-md.ncbi.nlm.nih.gov/sos5/sra-pub-zq-11/SRR004/170/SRR4170104/SRR4170104.lite.1,SRX2139437,ASAXH,WGS,RANDOM,GENOMIC,SINGLE,0,0,PACBIO_SMRT,PacBio RS,SRP086434,PRJNA334201,,334201,SRS1671462,SAMN05442889,simple,77065,Salix purpurea,Gp0110685,,,,,,,no,,,,,JGI,SRA462525,,public,7DB9A12CD324EF94BD56E17E31786001,DA2D04E60AA56264855D51A71CF5AE7D
SRR4170105,2016-09-06 00:59:05,2016-09-06 01:13:45,179412,1912453674,0,10659,1275,,https://sra-downloadb.be-md.ncbi.nlm.nih.gov/sos5/sra-pub-zq-11/SRR004/170/SRR4170105/SRR4170105.lite.1,SRX2139438,ASAXH,WGS,RANDOM,GENOMIC,SINGLE,0,0,PACBIO_SMRT,PacBio RS,SRP086434,PRJNA334201,,334201,SRS1671462,SAMN05442889,simple,77065,Salix purpurea,Gp0110685,,,,,,,no,,,,,JGI,SRA462525,,public,6DCC26C4B24AAE46274E11D193C1091E,040FE057BAF4FC7CC9CCD4785BB30FF3
SRR4170106,2016-09-06 00:59:14,2016-09-06 01:11:50,89991,918470320,0,10206,611,,https://sra-downloadb.be-md.ncbi.nlm.nih.gov/sos5/sra-pub-zq-11/SRR004/170/SRR4170106/SRR4170106.lite.1,SRX2139439,ASAXH,WGS,RANDOM,GENOMIC,SINGLE,0,0,PACBIO_SMRT,PacBio RS,SRP086434,PRJNA334201,,334201,SRS1671462,SAMN05442889,simple,77065,Salix purpurea,Gp0110685,,,,,,,no,,,,,JGI,SRA462525,,public,B2301BBCD815FC34C85857BD638DE680,CDC67AD9D700C102432BD8F712C9BB9B
SRR4170107,2016-09-06 00:59:21,2016-09-06 01:11:22,71121,712698382,0,10020,474,,https://sra-downloadb.be-md.ncbi.nlm.nih.gov/sos5/sra-pub-zq-11/SRR004/170/SRR4170107/SRR4170107.lite.1,SRX2139440,ASAXH,WGS,RANDOM,GENOMIC,SINGLE,0,0,PACBIO_SMRT,PacBio RS,SRP086434,PRJNA334201,,334201,SRS1671462,SAMN05442889,simple,77065,Salix purpurea,Gp0110685,,,,,,,no,,,,,JGI,SRA462525,,public,B3A00115461FE12A29EE789CB314458B,E10B7D089D68937638163BD7E45257DE
SRR4170108,2016-09-06 00:59:28,2016-09-06 01:12:00,86033,919265385,0,10685,609,,https://sra-downloadb.be-md.ncbi.nlm.nih.gov/sos5/sra-pub-zq-11/SRR004/170/SRR4170108/SRR4170108.lite.1,SRX2139441,ASAXH,WGS,RANDOM,GENOMIC,SINGLE,0,0,PACBIO_SMRT,PacBio RS,SRP086434,PRJNA334201,,334201,SRS1671462,SAMN05442889,simple,77065,Salix purpurea,Gp0110685,,,,,,,no,,,,,JGI,SRA462525,,public,B9048A38AC227B9219EA8D78E69478E9,1C6C1C0B2500080230EF687192FA7CFD
SRR4170109,2016-09-06 00:59:36,2016-09-06 01:14:39,81550,847873344,0,10396,556,,https://sra-downloadb.be-md.ncbi.nlm.nih.gov/sos5/sra-pub-zq-11/SRR004/170/SRR4170109/SRR4170109.lite.1,SRX2139442,ASAXH,WGS,RANDOM,GENOMIC,SINGLE,0,0,PACBIO_SMRT,PacBio RS,SRP086434,PRJNA334201,,334201,SRS1671462,SAMN05442889,simple,77065,Salix purpurea,Gp0110685,,,,,,,no,,,,,JGI,SRA462525,,public,4EBEBAD05C02C1568EBFA6F87E05BE17,1975778A5E6FADBBC52DC27B3153D036
SRR4170110,2016-09-06 00:59:43,2016-09-06 01:13:13,76721,837363008,0,10914,558,,https://sra-downloadb.be-md.ncbi.nlm.nih.gov/sos5/sra-pub-zq-11/SRR004/170/SRR4170110/SRR4170110.lite.1,SRX2139443,ASAXH,WGS,RANDOM,GENOMIC,SINGLE,0,0,PACBIO_SMRT,PacBio RS,SRP086434,PRJNA334201,,334201,SRS1671462,SAMN05442889,simple,77065,Salix purpurea,Gp0110685,,,,,,,no,,,,,JGI,SRA462525,,public,B666F756E548D7275981A94B0CE17952,9FFB535C66DF3E68102391A988CB9EF5
SRR4170111,2016-09-06 00:59:50,2016-09-06 01:12:54,89186,938482507,0,10522,619,,https://sra-downloadb.be-md.ncbi.nlm.nih.gov/sos5/sra-pub-zq-11/SRR004/170/SRR4170111/SRR4170111.lite.1,SRX2139444,ASAXH,WGS,RANDOM,GENOMIC,SINGLE,0,0,PACBIO_SMRT,PacBio RS,SRP086434,PRJNA334201,,334201,SRS1671462,SAMN05442889,simple,77065,Salix purpurea,Gp0110685,,,,,,,no,,,,,JGI,SRA462525,,public,1DC1D6BB52C4EE59A9D6886B17321CD7,34135F58F16CEDA61D490974EE3B964D
SRR4170112,2016-09-06 00:59:57,2016-09-06 01:13:15,101734,1105889021,0,10870,727,,https://sra-downloadb.be-md.ncbi.nlm.nih.gov/sos5/sra-pub-zq-11/SRR004/170/SRR4170112/SRR4170112.lite.1,SRX2139445,ASAXH,WGS,RANDOM,GENOMIC,SINGLE,0,0,PACBIO_SMRT,PacBio RS,SRP086434,PRJNA334201,,334201,SRS1671462,SAMN05442889,simple,77065,Salix purpurea,Gp0110685,,,,,,,no,,,,,JGI,SRA462525,,public,2AA65648B483620F243D7C0716C5C301,CAC996AAE1F05F52355173B03C6469B8
SRR4170113,2016-09-06 01:00:05,2016-09-06 01:14:21,66933,706415040,0,10554,463,,https://sra-downloadb.be-md.ncbi.nlm.nih.gov/sos5/sra-pub-zq-11/SRR004/170/SRR4170113/SRR4170113.lite.1,SRX2139446,ASAXH,WGS,RANDOM,GENOMIC,SINGLE,0,0,PACBIO_SMRT,PacBio RS,SRP086434,PRJNA334201,,334201,SRS1671462,SAMN05442889,simple,77065,Salix purpurea,Gp0110685,,,,,,,no,,,,,JGI,SRA462525,,public,3D4481D0D3DC4DE78B3B828156180FDD,D614EDDC79E707B1E39B39DC8EC5D594
SRR4170114,2016-09-06 01:00:15,2016-09-06 01:16:54,81945,921775243,0,11248,606,,https://sra-downloadb.be-md.ncbi.nlm.nih.gov/sos5/sra-pub-zq-11/SRR004/170/SRR4170114/SRR4170114.lite.1,SRX2139447,ASAXH,WGS,RANDOM,GENOMIC,SINGLE,0,0,PACBIO_SMRT,PacBio RS,SRP086434,PRJNA334201,,334201,SRS1671462,SAMN05442889,simple,77065,Salix purpurea,Gp0110685,,,,,,,no,,,,,JGI,SRA462525,,public,22B6350C4E577262BD5184204B4F4EAD,122F08D2DCC337F859697E7BD8D245BD
SRR4170115,2016-09-06 01:00:22,2016-09-06 01:13:22,74138,830365745,0,11200,544,,https://sra-downloadb.be-md.ncbi.nlm.nih.gov/sos5/sra-pub-zq-11/SRR004/170/SRR4170115/SRR4170115.lite.1,SRX2139448,ASAXH,WGS,RANDOM,GENOMIC,SINGLE,0,0,PACBIO_SMRT,PacBio RS,SRP086434,PRJNA334201,,334201,SRS1671462,SAMN05442889,simple,77065,Salix purpurea,Gp0110685,,,,,,,no,,,,,JGI,SRA462525,,public,F90459C568DC7A230A8DB8FE328BACFB,DAAB1DF2B693BDD7088D19C85607DA2F
SRR4170116,2016-09-06 01:00:29,2016-09-06 01:12:11,88587,981041677,0,11074,641,,https://sra-downloadb.be-md.ncbi.nlm.nih.gov/sos5/sra-pub-zq-11/SRR004/170/SRR4170116/SRR4170116.lite.1,SRX2139449,ASAXH,WGS,RANDOM,GENOMIC,SINGLE,0,0,PACBIO_SMRT,PacBio RS,SRP086434,PRJNA334201,,334201,SRS1671462,SAMN05442889,simple,77065,Salix purpurea,Gp0110685,,,,,,,no,,,,,JGI,SRA462525,,public,E7A0828EF9986E0A326B1E7D3C0CB4DB,6AA4C950A686B26E70676C9DE7E823A0
SRR4170117,2016-09-06 01:00:38,2016-09-06 01:18:10,98625,1105642931,0,11210,724,,https://sra-downloadb.be-md.ncbi.nlm.nih.gov/sos5/sra-pub-zq-11/SRR004/170/SRR4170117/SRR4170117.lite.1,SRX2139450,ASAXH,WGS,RANDOM,GENOMIC,SINGLE,0,0,PACBIO_SMRT,PacBio RS,SRP086434,PRJNA334201,,334201,SRS1671462,SAMN05442889,simple,77065,Salix purpurea,Gp0110685,,,,,,,no,,,,,JGI,SRA462525,,public,B5AE32E2174D42D8A8953C574F6BA687,3598D4FF17EF05C9217B1DA270F309DE
SRR4170118,2016-09-06 01:00:45,2016-09-06 01:14:04,86683,969084036,0,11179,631,,https://sra-downloadb.be-md.ncbi.nlm.nih.gov/sos5/sra-pub-zq-11/SRR004/170/SRR4170118/SRR4170118.lite.1,SRX2139451,ASAXH,WGS,RANDOM,GENOMIC,SINGLE,0,0,PACBIO_SMRT,PacBio RS,SRP086434,PRJNA334201,,334201,SRS1671462,SAMN05442889,simple,77065,Salix purpurea,Gp0110685,,,,,,,no,,,,,JGI,SRA462525,,public,219D8202A8E062D4386473D68C42092C,90F4C1E50F38C1B035D07F2BAECB4715
SRR4170119,2016-09-06 01:00:51,2016-09-06 01:15:28,82597,945015452,0,11441,613,,https://sra-downloadb.be-md.ncbi.nlm.nih.gov/sos5/sra-pub-zq-11/SRR004/170/SRR4170119/SRR4170119.lite.1,SRX2139452,ASAXH,WGS,RANDOM,GENOMIC,SINGLE,0,0,PACBIO_SMRT,PacBio RS,SRP086434,PRJNA334201,,334201,SRS1671462,SAMN05442889,simple,77065,Salix purpurea,Gp0110685,,,,,,,no,,,,,JGI,SRA462525,,public,1067D902095FC04E0E467A527B0CB00C,A79875A6AFE9DD108A40F3087560E9E7
SRR4170120,2016-09-06 01:00:58,2016-09-06 01:15:54,70017,752215827,0,10743,488,,https://sra-downloadb.be-md.ncbi.nlm.nih.gov/sos5/sra-pub-zq-11/SRR004/170/SRR4170120/SRR4170120.lite.1,SRX2139453,ASAXH,WGS,RANDOM,GENOMIC,SINGLE,0,0,PACBIO_SMRT,PacBio RS,SRP086434,PRJNA334201,,334201,SRS1671462,SAMN05442889,simple,77065,Salix purpurea,Gp0110685,,,,,,,no,,,,,JGI,SRA462525,,public,469122B4C65815FFCE6A104ADF1A77A3,EB959C1EF1978A3A5608F7E009207761
SRR4170121,2016-09-06 01:01:06,2016-09-06 01:12:28,63021,655243143,0,10397,430,,https://sra-downloadb.be-md.ncbi.nlm.nih.gov/sos5/sra-pub-zq-11/SRR004/170/SRR4170121/SRR4170121.lite.1,SRX2139454,ASAXH,WGS,RANDOM,GENOMIC,SINGLE,0,0,PACBIO_SMRT,PacBio RS,SRP086434,PRJNA334201,,334201,SRS1671462,SAMN05442889,simple,77065,Salix purpurea,Gp0110685,,,,,,,no,,,,,JGI,SRA462525,,public,546DDE337E273EB76744397BF5728B0B,751E4764D28FC94C9614AD0C95E19114
SRR4170122,2016-09-06 01:01:13,2016-09-06 01:14:26,118298,1322568685,0,11179,875,,https://sra-downloadb.be-md.ncbi.nlm.nih.gov/sos5/sra-pub-zq-11/SRR004/170/SRR4170122/SRR4170122.lite.1,SRX2139455,ASAXH,WGS,RANDOM,GENOMIC,SINGLE,0,0,PACBIO_SMRT,PacBio RS,SRP086434,PRJNA334201,,334201,SRS1671462,SAMN05442889,simple,77065,Salix purpurea,Gp0110685,,,,,,,no,,,,,JGI,SRA462525,,public,1E843548570EABCBDFC37329692F48E1,72BCE36F1F5001D086477D3D46D061EE
SRR4170123,2016-09-06 01:01:20,2016-09-06 01:17:16,151026,1647963074,0,10911,1095,,https://sra-downloadb.be-md.ncbi.nlm.nih.gov/sos5/sra-pub-zq-11/SRR004/170/SRR4170123/SRR4170123.lite.1,SRX2139456,ASAXH,WGS,RANDOM,GENOMIC,SINGLE,0,0,PACBIO_SMRT,PacBio RS,SRP086434,PRJNA334201,,334201,SRS1671462,SAMN05442889,simple,77065,Salix purpurea,Gp0110685,,,,,,,no,,,,,JGI,SRA462525,,public,41C5CA5874140E2ED3D9746A4098301F,0D455EA97AE59805257E76F3DDB93A71
SRR4170124,2016-09-06 01:01:27,2016-09-06 01:13:59,96520,1033228326,0,10704,680,,https://sra-downloadb.be-md.ncbi.nlm.nih.gov/sos5/sra-pub-zq-11/SRR004/170/SRR4170124/SRR4170124.lite.1,SRX2139457,ASAXH,WGS,RANDOM,GENOMIC,SINGLE,0,0,PACBIO_SMRT,PacBio RS,SRP086434,PRJNA334201,,334201,SRS1671462,SAMN05442889,simple,77065,Salix purpurea,Gp0110685,,,,,,,no,,,,,JGI,SRA462525,,public,FF6A19DBB92E761DFDA6D9D3F3631843,EA594B89D5FDF48B12B4BBE2789411FA
SRR4170125,2016-09-06 01:01:35,2016-09-06 01:13:22,59754,633462573,0,10601,415,,https://sra-downloadb.be-md.ncbi.nlm.nih.gov/sos5/sra-pub-zq-11/SRR004/170/SRR4170125/SRR4170125.lite.1,SRX2139458,ASAXH,WGS,RANDOM,GENOMIC,SINGLE,0,0,PACBIO_SMRT,PacBio RS,SRP086434,PRJNA334201,,334201,SRS1671462,SAMN05442889,simple,77065,Salix purpurea,Gp0110685,,,,,,,no,,,,,JGI,SRA462525,,public,38B63870662881132099C9DF628545A0,8499DEA42ACC76E268C6A00A38ADC9D7
SRR4170126,2016-09-06 01:01:43,2016-09-06 01:11:47,68643,726099184,0,10577,475,,https://sra-downloadb.be-md.ncbi.nlm.nih.gov/sos5/sra-pub-zq-11/SRR004/170/SRR4170126/SRR4170126.lite.1,SRX2139459,ASAXH,WGS,RANDOM,GENOMIC,SINGLE,0,0,PACBIO_SMRT,PacBio RS,SRP086434,PRJNA334201,,334201,SRS1671462,SAMN05442889,simple,77065,Salix purpurea,Gp0110685,,,,,,,no,,,,,JGI,SRA462525,,public,3E2A098B8FE04EABD0BC2779EEDB052B,C0E8C882B40420278EB1336A8E02F58E
SRR4170127,2016-09-06 01:01:50,2016-09-06 01:13:50,64043,682192067,0,10652,450,,https://sra-downloadb.be-md.ncbi.nlm.nih.gov/sos5/sra-pub-zq-11/SRR004/170/SRR4170127/SRR4170127.lite.1,SRX2139460,ASAXH,WGS,RANDOM,GENOMIC,SINGLE,0,0,PACBIO_SMRT,PacBio RS,SRP086434,PRJNA334201,,334201,SRS1671462,SAMN05442889,simple,77065,Salix purpurea,Gp0110685,,,,,,,no,,,,,JGI,SRA462525,,public,AE846F04D349A2BA635466326DFA5629,A1D656A6DCF634C92B5D31678412DB1B
SRR4170128,2016-09-06 01:01:56,2016-09-06 01:14:31,116596,1231166673,0,10559,811,,https://sra-downloadb.be-md.ncbi.nlm.nih.gov/sos5/sra-pub-zq-11/SRR004/170/SRR4170128/SRR4170128.lite.1,SRX2139461,ASAXH,WGS,RANDOM,GENOMIC,SINGLE,0,0,PACBIO_SMRT,PacBio RS,SRP086434,PRJNA334201,,334201,SRS1671462,SAMN05442889,simple,77065,Salix purpurea,Gp0110685,,,,,,,no,,,,,JGI,SRA462525,,public,C44AF697D737EBB39FA1123A380CB839,2602F17DEAA679B279FD8480480014E0
SRR4170129,2016-09-06 01:02:20,2016-09-06 01:11:52,151707,1238567223,0,8164,823,,https://sra-downloadb.be-md.ncbi.nlm.nih.gov/sos5/sra-pub-zq-11/SRR004/170/SRR4170129/SRR4170129.lite.1,SRX2139462,ASAXG,WGS,RANDOM,GENOMIC,SINGLE,0,0,PACBIO_SMRT,PacBio RS,SRP086435,PRJNA334202,,334202,SRS1671463,SAMN05445846,simple,77065,Salix purpurea,Gp0110686,,,,,,,no,,,,,JGI,SRA462527,,public,9121139C4917470E92A7C7A855D6089C,63BA26F60F589E7D5325BA894D9DDC7E
SRR4170130,2016-09-06 01:02:27,2016-09-06 01:12:17,143881,1127953559,0,7839,748,,https://sra-downloadb.be-md.ncbi.nlm.nih.gov/sos5/sra-pub-zq-11/SRR004/170/SRR4170130/SRR4170130.lite.1,SRX2139463,ASAXG,WGS,RANDOM,GENOMIC,SINGLE,0,0,PACBIO_SMRT,PacBio RS,SRP086435,PRJNA334202,,334202,SRS1671463,SAMN05445846,simple,77065,Salix purpurea,Gp0110686,,,,,,,no,,,,,JGI,SRA462527,,public,25DED0FC3403BAC80C6BD3D580B83195,52D89B21D997B9335BA0AC2765C938B1
SRR4170131,2016-09-06 01:02:33,2016-09-06 01:11:47,90728,699784134,0,7712,461,,https://sra-downloadb.be-md.ncbi.nlm.nih.gov/sos5/sra-pub-zq-11/SRR004/170/SRR4170131/SRR4170131.lite.1,SRX2139464,ASAXG,WGS,RANDOM,GENOMIC,SINGLE,0,0,PACBIO_SMRT,PacBio RS,SRP086435,PRJNA334202,,334202,SRS1671463,SAMN05445846,simple,77065,Salix purpurea,Gp0110686,,,,,,,no,,,,,JGI,SRA462527,,public,1106587755873F4F6B03973076E7B693,60BA8A47970B11B33D32F5C6908EC114
SRR4170132,2016-09-06 01:02:39,2016-09-06 01:13:13,82197,638920317,0,7773,420,,https://sra-downloadb.be-md.ncbi.nlm.nih.gov/sos5/sra-pub-zq-11/SRR004/170/SRR4170132/SRR4170132.lite.1,SRX2139465,ASAXG,WGS,RANDOM,GENOMIC,SINGLE,0,0,PACBIO_SMRT,PacBio RS,SRP086435,PRJNA334202,,334202,SRS1671463,SAMN05445846,simple,77065,Salix purpurea,Gp0110686,,,,,,,no,,,,,JGI,SRA462527,,public,CF34E33F8E9A01632198BBF1989EC9A0,DCE996373D012FECA6676FBDDC931C61
SRR4170133,2016-09-06 01:02:45,2016-09-06 01:14:07,103896,779844803,0,7506,513,,https://sra-downloadb.be-md.ncbi.nlm.nih.gov/sos5/sra-pub-zq-11/SRR004/170/SRR4170133/SRR4170133.lite.1,SRX2139466,ASAXG,WGS,RANDOM,GENOMIC,SINGLE,0,0,PACBIO_SMRT,PacBio RS,SRP086435,PRJNA334202,,334202,SRS1671463,SAMN05445846,simple,77065,Salix purpurea,Gp0110686,,,,,,,no,,,,,JGI,SRA462527,,public,7E7881223D3723A093A4A5C7C3F6BF6F,8C8E4A102B5CDEAACA66CD401FBCD769
SRR4170134,2016-09-06 01:02:51,2016-09-06 01:13:34,103112,786463074,0,7627,520,,https://sra-downloadb.be-md.ncbi.nlm.nih.gov/sos5/sra-pub-zq-11/SRR004/170/SRR4170134/SRR4170134.lite.1,SRX2139467,ASAXG,WGS,RANDOM,GENOMIC,SINGLE,0,0,PACBIO_SMRT,PacBio RS,SRP086435,PRJNA334202,,334202,SRS1671463,SAMN05445846,simple,77065,Salix purpurea,Gp0110686,,,,,,,no,,,,,JGI,SRA462527,,public,AB9F79E26D23608BB593FA5CCA206E80,E1D1DAFE70110BE31C086822CC795CB2
SRR4170135,2016-09-06 01:02:59,2016-09-06 01:14:53,94274,702335961,0,7449,462,,https://sra-downloadb.be-md.ncbi.nlm.nih.gov/sos5/sra-pub-zq-11/SRR004/170/SRR4170135/SRR4170135.lite.1,SRX2139468,ASAXG,WGS,RANDOM,GENOMIC,SINGLE,0,0,PACBIO_SMRT,PacBio RS,SRP086435,PRJNA334202,,334202,SRS1671463,SAMN05445846,simple,77065,Salix purpurea,Gp0110686,,,,,,,no,,,,,JGI,SRA462527,,public,1B132A995D0E3730F71854CF0E5816DC,FFEA93D78D129146C3E27C1BCE45909E
SRR4170136,2016-09-06 01:03:05,2016-09-06 01:10:52,92756,673780696,0,7264,442,,https://sra-downloadb.be-md.ncbi.nlm.nih.gov/sos5/sra-pub-zq-11/SRR004/170/SRR4170136/SRR4170136.lite.1,SRX2139469,ASAXG,WGS,RANDOM,GENOMIC,SINGLE,0,0,PACBIO_SMRT,PacBio RS,SRP086435,PRJNA334202,,334202,SRS1671463,SAMN05445846,simple,77065,Salix purpurea,Gp0110686,,,,,,,no,,,,,JGI,SRA462527,,public,7EEB474CE73794DBE325E3B7B58FBDAD,8FB3F6797BC159CC06EDD1B4072C9C11
SRR4170137,2016-09-06 01:03:10,2016-09-06 01:09:57,84790,608945259,0,7181,402,,https://sra-downloadb.be-md.ncbi.nlm.nih.gov/sos5/sra-pub-zq-11/SRR004/170/SRR4170137/SRR4170137.lite.1,SRX2139470,ASAXG,WGS,RANDOM,GENOMIC,SINGLE,0,0,PACBIO_SMRT,PacBio RS,SRP086435,PRJNA334202,,334202,SRS1671463,SAMN05445846,simple,77065,Salix purpurea,Gp0110686,,,,,,,no,,,,,JGI,SRA462527,,public,2E3578FA46B9DE717D68CA34DAA862F4,92F7CECC1E84BC23099013F0DA57E37B
SRR4170138,2016-09-06 01:03:16,2016-09-06 01:13:11,112770,835618068,0,7409,548,,https://sra-downloadb.be-md.ncbi.nlm.nih.gov/sos5/sra-pub-zq-11/SRR004/170/SRR4170138/SRR4170138.lite.1,SRX2139471,ASAXG,WGS,RANDOM,GENOMIC,SINGLE,0,0,PACBIO_SMRT,PacBio RS,SRP086435,PRJNA334202,,334202,SRS1671463,SAMN05445846,simple,77065,Salix purpurea,Gp0110686,,,,,,,no,,,,,JGI,SRA462527,,public,61E43833A8F945B1A62ED9F647CAB5E4,95A38C99A9C909EB81151006EFE0C5BE
SRR4170139,2016-09-06 01:03:22,2016-09-06 01:12:42,120603,905932952,0,7511,596,,https://sra-downloadb.be-md.ncbi.nlm.nih.gov/sos5/sra-pub-zq-11/SRR004/170/SRR4170139/SRR4170139.lite.1,SRX2139472,ASAXG,WGS,RANDOM,GENOMIC,SINGLE,0,0,PACBIO_SMRT,PacBio RS,SRP086435,PRJNA334202,,334202,SRS1671463,SAMN05445846,simple,77065,Salix purpurea,Gp0110686,,,,,,,no,,,,,JGI,SRA462527,,public,D75D1E563B3C84088135A0330E86CB46,DDE179C1B8D1241B89FDA9CE92CDE4B4
SRR4170140,2016-09-06 01:03:28,2016-09-06 01:14:20,82563,603472031,0,7309,396,,https://sra-downloadb.be-md.ncbi.nlm.nih.gov/sos5/sra-pub-zq-11/SRR004/170/SRR4170140/SRR4170140.lite.1,SRX2139473,ASAXG,WGS,RANDOM,GENOMIC,SINGLE,0,0,PACBIO_SMRT,PacBio RS,SRP086435,PRJNA334202,,334202,SRS1671463,SAMN05445846,simple,77065,Salix purpurea,Gp0110686,,,,,,,no,,,,,JGI,SRA462527,,public,1560AF4C950D7E2899EFF7826876AC87,8A7C680505CE154A2D74A153EEA60F34
SRR4170141,2016-09-06 01:03:35,2016-09-06 01:14:12,98177,697239760,0,7101,459,,https://sra-downloadb.be-md.ncbi.nlm.nih.gov/sos5/sra-pub-zq-11/SRR004/170/SRR4170141/SRR4170141.lite.1,SRX2139474,ASAXG,WGS,RANDOM,GENOMIC,SINGLE,0,0,PACBIO_SMRT,PacBio RS,SRP086435,PRJNA334202,,334202,SRS1671463,SAMN05445846,simple,77065,Salix purpurea,Gp0110686,,,,,,,no,,,,,JGI,SRA462527,,public,5F11D85A700C9F015DEA360193B5EAEF,31F99C7751479998C4DACBC5D43EDC9D
SRR4170142,2016-09-06 01:03:42,2016-09-06 01:12:25,145632,1111395250,0,7631,739,,https://sra-downloadb.be-md.ncbi.nlm.nih.gov/sos5/sra-pub-zq-11/SRR004/170/SRR4170142/SRR4170142.lite.1,SRX2139476,ASAXG,WGS,RANDOM,GENOMIC,SINGLE,0,0,PACBIO_SMRT,PacBio RS,SRP086435,PRJNA334202,,334202,SRS1671463,SAMN05445846,simple,77065,Salix purpurea,Gp0110686,,,,,,,no,,,,,JGI,SRA462527,,public,616538ED75210A4907C5DE3CB0575F9A,C272465D9FFE76CED40F01220B294092
SRR4170143,2016-09-06 01:03:48,2016-09-06 01:11:02,72057,523841574,0,7269,342,,https://sra-downloadb.be-md.ncbi.nlm.nih.gov/sos5/sra-pub-zq-11/SRR004/170/SRR4170143/SRR4170143.lite.1,SRX2139477,ASAXG,WGS,RANDOM,GENOMIC,SINGLE,0,0,PACBIO_SMRT,PacBio RS,SRP086435,PRJNA334202,,334202,SRS1671463,SAMN05445846,simple,77065,Salix purpurea,Gp0110686,,,,,,,no,,,,,JGI,SRA462527,,public,CF31DC72AF89D508E4DBAF3C73EBB87F,3535F52D671F518B2BA06E3E73784932
SRR4170144,2016-09-06 01:03:54,2016-09-06 01:12:39,140226,1023818715,0,7301,677,,https://sra-downloadb.be-md.ncbi.nlm.nih.gov/sos5/sra-pub-zq-11/SRR004/170/SRR4170144/SRR4170144.lite.1,SRX2139478,ASAXG,WGS,RANDOM,GENOMIC,SINGLE,0,0,PACBIO_SMRT,PacBio RS,SRP086435,PRJNA334202,,334202,SRS1671463,SAMN05445846,simple,77065,Salix purpurea,Gp0110686,,,,,,,no,,,,,JGI,SRA462527,,public,D30E857B0B693CC4C53354A86706E9DA,3E39F76DB76FD17712ED26B02638A98C
SRR4170145,2016-09-06 01:04:00,2016-09-06 01:12:32,160243,1111904651,0,6938,732,,https://sra-downloadb.be-md.ncbi.nlm.nih.gov/sos5/sra-pub-zq-11/SRR004/170/SRR4170145/SRR4170145.lite.1,SRX2139479,ASAXG,WGS,RANDOM,GENOMIC,SINGLE,0,0,PACBIO_SMRT,PacBio RS,SRP086435,PRJNA334202,,334202,SRS1671463,SAMN05445846,simple,77065,Salix purpurea,Gp0110686,,,,,,,no,,,,,JGI,SRA462527,,public,617DC9043ED9AC1A2E97A16BBC52483A,17174C642049B54404B98C514F3ECE97
SRR4170146,2016-09-06 01:04:08,2016-09-06 01:15:25,196458,1597617640,0,8132,1056,,https://sra-downloadb.be-md.ncbi.nlm.nih.gov/sos5/sra-pub-zq-11/SRR004/170/SRR4170146/SRR4170146.lite.1,SRX2139480,ASAXG,WGS,RANDOM,GENOMIC,SINGLE,0,0,PACBIO_SMRT,PacBio RS,SRP086435,PRJNA334202,,334202,SRS1671463,SAMN05445846,simple,77065,Salix purpurea,Gp0110686,,,,,,,no,,,,,JGI,SRA462527,,public,FC2EDEB578147328577F7C09FE21DBDC,36FA5BED122F034D180DE9A73E38FFBB
SRR4170147,2016-09-06 01:04:16,2016-09-06 01:21:45,189031,1568645004,0,8298,1041,,https://sra-downloadb.be-md.ncbi.nlm.nih.gov/sos5/sra-pub-zq-11/SRR004/170/SRR4170147/SRR4170147.lite.1,SRX2139481,ASAXG,WGS,RANDOM,GENOMIC,SINGLE,0,0,PACBIO_SMRT,PacBio RS,SRP086435,PRJNA334202,,334202,SRS1671463,SAMN05445846,simple,77065,Salix purpurea,Gp0110686,,,,,,,no,,,,,JGI,SRA462527,,public,B969B82B1CE26A67A0CB01049FE9A60B,AAC2FE22FE4AC7E45A99843E14BC7D2F
SRR4170148,2016-09-06 01:04:22,2016-09-06 01:13:35,165762,1336366113,0,8061,875,,https://sra-downloadb.be-md.ncbi.nlm.nih.gov/sos5/sra-pub-zq-11/SRR004/170/SRR4170148/SRR4170148.lite.1,SRX2139482,ASAXG,WGS,RANDOM,GENOMIC,SINGLE,0,0,PACBIO_SMRT,PacBio RS,SRP086435,PRJNA334202,,334202,SRS1671463,SAMN05445846,simple,77065,Salix purpurea,Gp0110686,,,,,,,no,,,,,JGI,SRA462527,,public,826B4706CD382D08CD1E2F18CB85682B,F9772F1A1F22E8F87F062B41783396E6
SRR4170149,2016-09-06 01:04:31,2016-09-06 01:20:23,180566,1453384883,0,8049,957,,https://sra-downloadb.be-md.ncbi.nlm.nih.gov/sos5/sra-pub-zq-11/SRR004/170/SRR4170149/SRR4170149.lite.1,SRX2139483,ASAXG,WGS,RANDOM,GENOMIC,SINGLE,0,0,PACBIO_SMRT,PacBio RS,SRP086435,PRJNA334202,,334202,SRS1671463,SAMN05445846,simple,77065,Salix purpurea,Gp0110686,,,,,,,no,,,,,JGI,SRA462527,,public,29CF1A1C245D0014044D236DFE9BB22E,E0375106F87E4E7311C80B12B0569C94
SRR4170150,2016-09-06 01:04:37,2016-09-06 01:14:22,172513,1372999112,0,7958,904,,https://sra-downloadb.be-md.ncbi.nlm.nih.gov/sos5/sra-pub-zq-11/SRR004/170/SRR4170150/SRR4170150.lite.1,SRX2139484,ASAXG,WGS,RANDOM,GENOMIC,SINGLE,0,0,PACBIO_SMRT,PacBio RS,SRP086435,PRJNA334202,,334202,SRS1671463,SAMN05445846,simple,77065,Salix purpurea,Gp0110686,,,,,,,no,,,,,JGI,SRA462527,,public,B4F8C415CAC98C680A63EB42737FF83F,357BD730B5E3A0B555AC3E1CA6B20CBB
SRR4170151,2016-09-06 01:04:44,2016-09-06 01:15:05,172467,1362487928,0,7899,894,,https://sra-downloadb.be-md.ncbi.nlm.nih.gov/sos5/sra-pub-zq-11/SRR004/170/SRR4170151/SRR4170151.lite.1,SRX2139485,ASAXG,WGS,RANDOM,GENOMIC,SINGLE,0,0,PACBIO_SMRT,PacBio RS,SRP086435,PRJNA334202,,334202,SRS1671463,SAMN05445846,simple,77065,Salix purpurea,Gp0110686,,,,,,,no,,,,,JGI,SRA462527,,public,DF1BDBC9E2290EB2A0221A4BBD235D87,D2BC9F453EB0841DC8687359F9087A17
SRR4170152,2016-09-06 01:04:50,2016-09-06 01:15:43,158450,1249838453,0,7887,822,,https://sra-downloadb.be-md.ncbi.nlm.nih.gov/sos5/sra-pub-zq-11/SRR004/170/SRR4170152/SRR4170152.lite.1,SRX2139486,ASAXG,WGS,RANDOM,GENOMIC,SINGLE,0,0,PACBIO_SMRT,PacBio RS,SRP086435,PRJNA334202,,334202,SRS1671463,SAMN05445846,simple,77065,Salix purpurea,Gp0110686,,,,,,,no,,,,,JGI,SRA462527,,public,0D2FBF22B24B22364E4DCCBF96C2285C,47208017085AC783CD06D8D42B03555C
SRR4170153,2016-09-06 01:04:57,2016-09-06 01:14:09,147760,1170657675,0,7922,777,,https://sra-downloadb.be-md.ncbi.nlm.nih.gov/sos5/sra-pub-zq-11/SRR004/170/SRR4170153/SRR4170153.lite.1,SRX2139487,ASAXG,WGS,RANDOM,GENOMIC,SINGLE,0,0,PACBIO_SMRT,PacBio RS,SRP086435,PRJNA334202,,334202,SRS1671463,SAMN05445846,simple,77065,Salix purpurea,Gp0110686,,,,,,,no,,,,,JGI,SRA462527,,public,190C85BB2F138047E517BF7A40CBA2B2,2F90FD70C8056CA4B1FBB652347F46BC
SRR4170154,2016-09-06 01:05:04,2016-09-06 01:13:39,168770,1304906806,0,7731,863,,https://sra-downloadb.be-md.ncbi.nlm.nih.gov/sos5/sra-pub-zq-11/SRR004/170/SRR4170154/SRR4170154.lite.1,SRX2139488,ASAXG,WGS,RANDOM,GENOMIC,SINGLE,0,0,PACBIO_SMRT,PacBio RS,SRP086435,PRJNA334202,,334202,SRS1671463,SAMN05445846,simple,77065,Salix purpurea,Gp0110686,,,,,,,no,,,,,JGI,SRA462527,,public,0AAA96CBB189B8746E5E9A9EDE1B37F3,B7D28D9B983DB4F817EEB04BB0760AC4
SRR4170155,2016-09-06 01:05:10,2016-09-06 01:15:31,161411,1255424471,0,7777,832,,https://sra-downloadb.be-md.ncbi.nlm.nih.gov/sos5/sra-pub-zq-11/SRR004/170/SRR4170155/SRR4170155.lite.1,SRX2139489,ASAXG,WGS,RANDOM,GENOMIC,SINGLE,0,0,PACBIO_SMRT,PacBio RS,SRP086435,PRJNA334202,,334202,SRS1671463,SAMN05445846,simple,77065,Salix purpurea,Gp0110686,,,,,,,no,,,,,JGI,SRA462527,,public,8C22D635885B412E735F529EF83CA5C3,89969406A1C6DDB0084462C1C8CE914D
SRR4170156,2016-09-06 01:05:20,2016-09-06 01:13:33,148292,1132475254,0,7636,749,,https://sra-downloadb.be-md.ncbi.nlm.nih.gov/sos5/sra-pub-zq-11/SRR004/170/SRR4170156/SRR4170156.lite.1,SRX2139490,ASAXG,WGS,RANDOM,GENOMIC,SINGLE,0,0,PACBIO_SMRT,PacBio RS,SRP086435,PRJNA334202,,334202,SRS1671463,SAMN05445846,simple,77065,Salix purpurea,Gp0110686,,,,,,,no,,,,,JGI,SRA462527,,public,41CDE37EAB639290248D555561249F12,97BDFBEA07AC9A236AD71CC30B27C30F
SRR4170157,2016-09-06 01:05:26,2016-09-06 01:13:23,159357,1229609476,0,7716,809,,https://sra-downloadb.be-md.ncbi.nlm.nih.gov/sos5/sra-pub-zq-11/SRR004/170/SRR4170157/SRR4170157.lite.1,SRX2139491,ASAXG,WGS,RANDOM,GENOMIC,SINGLE,0,0,PACBIO_SMRT,PacBio RS,SRP086435,PRJNA334202,,334202,SRS1671463,SAMN05445846,simple,77065,Salix purpurea,Gp0110686,,,,,,,no,,,,,JGI,SRA462527,,public,04205EDB4E9433DF970566E62D3B1FAB,8E2DD14B911F6B34ADD9C5BC381CB4AE
SRR4170158,2016-09-06 01:05:32,2016-09-06 01:15:39,160089,1241833777,0,7757,814,,https://sra-downloadb.be-md.ncbi.nlm.nih.gov/sos5/sra-pub-zq-11/SRR004/170/SRR4170158/SRR4170158.lite.1,SRX2139492,ASAXG,WGS,RANDOM,GENOMIC,SINGLE,0,0,PACBIO_SMRT,PacBio RS,SRP086435,PRJNA334202,,334202,SRS1671463,SAMN05445846,simple,77065,Salix purpurea,Gp0110686,,,,,,,no,,,,,JGI,SRA462527,,public,08D0A8774ABD5D7B4B0540CE048E8D4F,75373D614D3F802CAF6634A5D72EC553
SRR4170159,2016-09-06 01:05:38,2016-09-06 01:14:56,141489,1072942782,0,7583,702,,https://sra-downloadb.be-md.ncbi.nlm.nih.gov/sos5/sra-pub-zq-11/SRR004/170/SRR4170159/SRR4170159.lite.1,SRX2139493,ASAXG,WGS,RANDOM,GENOMIC,SINGLE,0,0,PACBIO_SMRT,PacBio RS,SRP086435,PRJNA334202,,334202,SRS1671463,SAMN05445846,simple,77065,Salix purpurea,Gp0110686,,,,,,,no,,,,,JGI,SRA462527,,public,64E5D9023C48834EA9FB38CD1865184A,4B887588A86F8173B069977B98C5AEAD
SRR4170160,2016-09-06 01:05:45,2016-09-06 01:14:58,166177,1276288178,0,7680,842,,https://sra-downloadb.be-md.ncbi.nlm.nih.gov/sos5/sra-pub-zq-11/SRR004/170/SRR4170160/SRR4170160.lite.1,SRX2139494,ASAXG,WGS,RANDOM,GENOMIC,SINGLE,0,0,PACBIO_SMRT,PacBio RS,SRP086435,PRJNA334202,,334202,SRS1671463,SAMN05445846,simple,77065,Salix purpurea,Gp0110686,,,,,,,no,,,,,JGI,SRA462527,,public,35D33020EE87E914FD825099424F0BE9,5C8B4DEF798AC04A0962DC28E74AB477
SRR4170161,2016-09-06 01:05:52,2016-09-06 01:13:03,158102,1212523599,0,7669,804,,https://sra-downloadb.be-md.ncbi.nlm.nih.gov/sos5/sra-pub-zq-11/SRR004/170/SRR4170161/SRR4170161.lite.1,SRX2139495,ASAXG,WGS,RANDOM,GENOMIC,SINGLE,0,0,PACBIO_SMRT,PacBio RS,SRP086435,PRJNA334202,,334202,SRS1671463,SAMN05445846,simple,77065,Salix purpurea,Gp0110686,,,,,,,no,,,,,JGI,SRA462527,,public,32F79C192B08EC3CAA2D7EDB4DBF1388,D0E9B222C3016EF9F9D3E99ED86FA118
SRR4170163,2016-09-06 01:05:56,2016-09-06 02:43:42,95169840,47775259680,95169840,502,24608,,https://sra-downloadb.be-md.ncbi.nlm.nih.gov/sos5/sra-pub-zq-14/SRR004/170/SRR4170163.sralite.1,SRX2139496,AATHS,WGS,other,GENOMIC,PAIRED,0,0,ILLUMINA,Illumina HiSeq 2500,SRP086435,PRJNA334202,,334202,SRS1671463,SAMN05445846,simple,77065,Salix purpurea,Gp0110686,,,,,,,no,,,,,JGI,SRA462527,,public,52B97E3D042434F6E335ADCEDB4E212A,22FF468598C1A87F16099DA06DB9A020
SRR4170164,2016-09-06 01:06:04,2016-09-06 01:17:51,52734,712599863,0,13513,467,,https://sra-downloadb.be-md.ncbi.nlm.nih.gov/sos5/sra-pub-zq-11/SRR004/170/SRR4170164/SRR4170164.lite.1,SRX2139497,AUSZY,WGS,other,GENOMIC,SINGLE,0,0,PACBIO_SMRT,PacBio RS,SRP086435,PRJNA334202,,334202,SRS1671463,SAMN05445846,simple,77065,Salix purpurea,Gp0110686,,,,,,,no,,,,,JGI,SRA462527,,public,E1035F487DD097BCDDADC854738F39F2,ACD6EB687143C3AC6D84E739126418C4
SRR4170165,2016-09-06 01:06:12,2016-09-06 01:19:59,91411,1312422980,0,14357,862,,https://sra-downloadb.be-md.ncbi.nlm.nih.gov/sos5/sra-pub-zq-11/SRR004/170/SRR4170165/SRR4170165.lite.1,SRX2139498,AUSZY,WGS,other,GENOMIC,SINGLE,0,0,PACBIO_SMRT,PacBio RS,SRP086435,PRJNA334202,,334202,SRS1671463,SAMN05445846,simple,77065,Salix purpurea,Gp0110686,,,,,,,no,,,,,JGI,SRA462527,,public,D0841C2AF6A1F9E5DB0245143ED22B23,6B330F85EB2E0612F2822B65B75C2923
SRR4170166,2016-09-06 01:06:22,2016-09-06 01:18:06,115415,1587984317,0,13758,1047,,https://sra-downloadb.be-md.ncbi.nlm.nih.gov/sos5/sra-pub-zq-11/SRR004/170/SRR4170166/SRR4170166.lite.1,SRX2139499,AUSZY,WGS,other,GENOMIC,SINGLE,0,0,PACBIO_SMRT,PacBio RS,SRP086435,PRJNA334202,,334202,SRS1671463,SAMN05445846,simple,77065,Salix purpurea,Gp0110686,,,,,,,no,,,,,JGI,SRA462527,,public,545ACBEF9D2E9CD5CD974113B0642C7A,75A0CB4118C73CE780C68C5BB502BA1F
SRR4170167,2016-09-06 01:06:31,2016-09-06 01:17:50,122195,1555180999,0,12727,1034,,https://sra-downloadb.be-md.ncbi.nlm.nih.gov/sos5/sra-pub-zq-11/SRR004/170/SRR4170167/SRR4170167.lite.1,SRX2139500,AUSZY,WGS,other,GENOMIC,SINGLE,0,0,PACBIO_SMRT,PacBio RS,SRP086435,PRJNA334202,,334202,SRS1671463,SAMN05445846,simple,77065,Salix purpurea,Gp0110686,,,,,,,no,,,,,JGI,SRA462527,,public,D632407A756E6263AB9675ECE4597E9D,C373C9F41203B869964952B549C715BB
SRR4170168,2016-09-06 01:06:40,2016-09-06 01:20:15,68189,856051524,0,12554,558,,https://sra-downloadb.be-md.ncbi.nlm.nih.gov/sos5/sra-pub-zq-11/SRR004/170/SRR4170168/SRR4170168.lite.1,SRX2139501,AUSZY,WGS,other,GENOMIC,SINGLE,0,0,PACBIO_SMRT,PacBio RS,SRP086435,PRJNA334202,,334202,SRS1671463,SAMN05445846,simple,77065,Salix purpurea,Gp0110686,,,,,,,no,,,,,JGI,SRA462527,,public,A0081ECF560302BAEA9C94EDB4A5770C,8257BE5E835DE38BFC37E77A953EED57
SRR4170169,2016-09-06 01:06:48,2016-09-06 01:22:04,121179,1700679351,0,14034,1118,,https://sra-downloadb.be-md.ncbi.nlm.nih.gov/sos5/sra-pub-zq-11/SRR004/170/SRR4170169/SRR4170169.lite.1,SRX2139502,AUSZY,WGS,other,GENOMIC,SINGLE,0,0,PACBIO_SMRT,PacBio RS,SRP086435,PRJNA334202,,334202,SRS1671463,SAMN05445846,simple,77065,Salix purpurea,Gp0110686,,,,,,,no,,,,,JGI,SRA462527,,public,8C198E2C6DD0D3E876219D1CF57A49B2,44350B2F15788E2A871CE97FB010056C
SRR4170170,2016-09-06 01:06:55,2016-09-06 01:17:59,110590,1486063472,0,13437,980,,https://sra-downloadb.be-md.ncbi.nlm.nih.gov/sos5/sra-pub-zq-11/SRR004/170/SRR4170170/SRR4170170.lite.1,SRX2139503,AUSZY,WGS,other,GENOMIC,SINGLE,0,0,PACBIO_SMRT,PacBio RS,SRP086435,PRJNA334202,,334202,SRS1671463,SAMN05445846,simple,77065,Salix purpurea,Gp0110686,,,,,,,no,,,,,JGI,SRA462527,,public,495209FEB26818D79909344A276C7B93,1504A6D104618268DCEE594B75FE02F8
SRR4170171,2016-09-06 01:07:03,2016-09-06 01:19:47,112724,1532524815,0,13595,1009,,https://sra-downloadb.be-md.ncbi.nlm.nih.gov/sos5/sra-pub-zq-11/SRR004/170/SRR4170171/SRR4170171.lite.1,SRX2139504,AUSZY,WGS,other,GENOMIC,SINGLE,0,0,PACBIO_SMRT,PacBio RS,SRP086435,PRJNA334202,,334202,SRS1671463,SAMN05445846,simple,77065,Salix purpurea,Gp0110686,,,,,,,no,,,,,JGI,SRA462527,,public,7CF6748CDEC8A99B4582948B98D59495,BE316ED8F7297A66CC1EA8E8D542BB00
SRR4170172,2016-09-06 01:07:11,2016-09-06 01:18:18,111030,1480696797,0,13336,972,,https://sra-downloadb.be-md.ncbi.nlm.nih.gov/sos5/sra-pub-zq-11/SRR004/170/SRR4170172/SRR4170172.lite.1,SRX2139505,AUSZY,WGS,other,GENOMIC,SINGLE,0,0,PACBIO_SMRT,PacBio RS,SRP086435,PRJNA334202,,334202,SRS1671463,SAMN05445846,simple,77065,Salix purpurea,Gp0110686,,,,,,,no,,,,,JGI,SRA462527,,public,145766153BF3A03B8470C83BCB40A2B0,AE0983DC64B5C1F0791E387AA4371676
SRR4170173,2016-09-06 01:07:20,2016-09-06 01:20:22,63848,808324738,0,12660,532,,https://sra-downloadb.be-md.ncbi.nlm.nih.gov/sos5/sra-pub-zq-11/SRR004/170/SRR4170173/SRR4170173.lite.1,SRX2139506,AUSZY,WGS,other,GENOMIC,SINGLE,0,0,PACBIO_SMRT,PacBio RS,SRP086435,PRJNA334202,,334202,SRS1671463,SAMN05445846,simple,77065,Salix purpurea,Gp0110686,,,,,,,no,,,,,JGI,SRA462527,,public,37D70A4ACA22956EB7AC1F3D64DFC328,2B2D130905116764BF555F99EE2AA67A
SRR4170174,2016-09-06 01:07:28,2016-09-06 01:20:08,78532,1019873659,0,12986,668,,https://sra-downloadb.be-md.ncbi.nlm.nih.gov/sos5/sra-pub-zq-11/SRR004/170/SRR4170174/SRR4170174.lite.1,SRX2139507,AUSZY,WGS,other,GENOMIC,SINGLE,0,0,PACBIO_SMRT,PacBio RS,SRP086435,PRJNA334202,,334202,SRS1671463,SAMN05445846,simple,77065,Salix purpurea,Gp0110686,,,,,,,no,,,,,JGI,SRA462527,,public,5A497559DBF1E270A0329C981AD1FE65,81866762EE572DCF3969D98EE1F8AE67
SRR4170175,2016-09-06 01:07:36,2016-09-06 01:18:42,85493,1061281068,0,12413,696,,https://sra-downloadb.be-md.ncbi.nlm.nih.gov/sos5/sra-pub-zq-11/SRR004/170/SRR4170175/SRR4170175.lite.1,SRX2139508,AUSZY,WGS,other,GENOMIC,SINGLE,0,0,PACBIO_SMRT,PacBio RS,SRP086435,PRJNA334202,,334202,SRS1671463,SAMN05445846,simple,77065,Salix purpurea,Gp0110686,,,,,,,no,,,,,JGI,SRA462527,,public,0D8515DD44029A2C14AFEA39E912AE7D,C15E1D59127D1CE848CFBBCAF1FD1182
SRR4170176,2016-09-06 01:07:44,2016-09-06 01:20:58,93496,1255871917,0,13432,824,,https://sra-downloadb.be-md.ncbi.nlm.nih.gov/sos5/sra-pub-zq-11/SRR004/170/SRR4170176/SRR4170176.lite.1,SRX2139509,AUSZY,WGS,other,GENOMIC,SINGLE,0,0,PACBIO_SMRT,PacBio RS,SRP086435,PRJNA334202,,334202,SRS1671463,SAMN05445846,simple,77065,Salix purpurea,Gp0110686,,,,,,,no,,,,,JGI,SRA462527,,public,BD5B3CD24897231047262C72B41CF63E,BFB7592E488AD6BFB9C876D526ACE450
SRR4170177,2016-09-06 01:07:54,2016-09-06 01:24:29,97314,1284839817,0,13203,845,,https://sra-downloadb.be-md.ncbi.nlm.nih.gov/sos5/sra-pub-zq-11/SRR004/170/SRR4170177/SRR4170177.lite.1,SRX2139510,AUSZY,WGS,other,GENOMIC,SINGLE,0,0,PACBIO_SMRT,PacBio RS,SRP086435,PRJNA334202,,334202,SRS1671463,SAMN05445846,simple,77065,Salix purpurea,Gp0110686,,,,,,,no,,,,,JGI,SRA462527,,public,AD80733901465BF70088E6A832D2F674,122F5E0BE8D8100CC4E479C8F029E2AF
SRR12809611,2020-10-12 11:47:36,2020-10-12 11:41:59,36947898,11070224394,36947898,299,3322,,https://sra-downloadb.be-md.ncbi.nlm.nih.gov/sos3/sra-pub-zq-22/SRR012/12809/SRR12809611/SRR12809611.lite.1,SRX9278213,guofeiyiHLCS19_18,WGS,RANDOM,GENOMIC,PAIRED,0,0,ILLUMINA,Illumina HiSeq 4000,SRP287098,PRJNA668408,,668408,SRS7506326,SAMN16409134,simple,77065,Salix purpurea,HLCS19_18,,,,,,,no,,,,,BEIJING FORESTRY UNIVERSITY,SRA1141663,,public,17996EBD8BB26255C8FC377CC43B97B4,FD4EF504EC09DB5D9CEEFAB1299A8089
SRR7448124,2018-06-28 10:24:18,2018-06-28 10:22:37,8570717,737081662,0,86,223,,https://sra-downloadb.be-md.ncbi.nlm.nih.gov/sos5/sra-pub-zq-11/SRR007/448/SRR7448124/SRR7448124.sralite.1,SRX4318664,S_purpurea_10154,RAD-Seq,Reduced Representation,GENOMIC,SINGLE,0,0,ILLUMINA,Illumina HiSeq 4000,SRP151549,PRJNA433286,,433286,SRS3481234,SAMN09508778,simple,77065,Salix purpurea,S_purpurea_10154,,,,,,,no,,,,,UNIVERSITY OF GOETTINGEN,SRA730274,,public,139C601819BA1EF8621BD7A895C3F494,5A3EC4F59B1EF4D1A34404EAC398851C
SRR7448131,2018-06-28 10:24:18,2018-06-28 10:22:50,9621403,827440658,0,86,250,,https://sra-downloadb.be-md.ncbi.nlm.nih.gov/sos5/sra-pub-zq-11/SRR007/448/SRR7448131.sralite.1,SRX4318657,S_purpurea_10181,RAD-Seq,Reduced Representation,GENOMIC,SINGLE,0,0,ILLUMINA,Illumina HiSeq 4000,SRP151549,PRJNA433286,,433286,SRS3481228,SAMN09508779,simple,77065,Salix purpurea,S_purpurea_10181,,,,,,,no,,,,,UNIVERSITY OF GOETTINGEN,SRA730274,,public,280311F65F53143FC84057D43FDCF2C2,E66EA8E235BBBD892AA26A8E52C2FD1A
SRR7448130,2018-06-28 10:24:18,2018-06-28 10:22:18,6293394,541231884,0,86,164,,https://sra-downloadb.be-md.ncbi.nlm.nih.gov/sos5/sra-pub-zq-11/SRR007/448/SRR7448130/SRR7448130.sralite.1,SRX4318658,S_purpurea_14,RAD-Seq,Reduced Representation,GENOMIC,SINGLE,0,0,ILLUMINA,Illumina HiSeq 4000,SRP151549,PRJNA433286,,433286,SRS3481229,SAMN09508780,simple,77065,Salix purpurea,S_purpurea_14,,,,,,,no,,,,,UNIVERSITY OF GOETTINGEN,SRA730274,,public,D2277F270D85B679D2D5F565D228BBFA,750E5499E57C740283969AED5A4D5CC8
SRR7448129,2018-06-28 10:28:13,2018-06-28 10:26:56,7242745,622876070,0,86,188,,https://sra-downloadb.be-md.ncbi.nlm.nih.gov/sos5/sra-pub-zq-11/SRR007/448/SRR7448129/SRR7448129.sralite.1,SRX4318659,S_purpurea_2016_1,RAD-Seq,Reduced Representation,GENOMIC,SINGLE,0,0,ILLUMINA,Illumina HiSeq 4000,SRP151549,PRJNA433286,,433286,SRS3481230,SAMN09508781,simple,77065,Salix purpurea,S_purpurea_2016_1,,,,,,,no,,,,,UNIVERSITY OF GOETTINGEN,SRA730274,,public,9A7BCFDF798959002DB16DCB892E6F9C,BD3E68B3C922294C2BFA85127EC539B8
SRR7448128,2018-06-28 10:24:18,2018-06-28 10:22:34,8259841,710346326,0,86,214,,https://sra-downloadb.be-md.ncbi.nlm.nih.gov/sos5/sra-pub-zq-11/SRR007/448/SRR7448128/SRR7448128.sralite.1,SRX4318660,S_purpurea_8_2014,RAD-Seq,Reduced Representation,GENOMIC,SINGLE,0,0,ILLUMINA,Illumina HiSeq 4000,SRP151549,PRJNA433286,,433286,SRS3481231,SAMN09508782,simple,77065,Salix purpurea,S_purpurea_8_2014,,,,,,,no,,,,,UNIVERSITY OF GOETTINGEN,SRA730274,,public,C105B815250A3BA9F95D02E6CAE39350,3AEBB9B18531FB60DD1F8523C9E59C27
SRR6790671,2018-02-28 08:23:33,2018-02-28 08:07:31,8581762,772358580,0,90,235,,https://sra-downloadb.be-md.ncbi.nlm.nih.gov/sos5/sra-pub-zq-14/SRR006/790/SRR6790671.sralite.1,SRX3749755,Sp1,RAD-Seq,Reduced Representation,GENOMIC,SINGLE,0,0,ILLUMINA,Illumina HiSeq 2500,SRP133640,PRJNA429746,,429746,SRS3005992,SAMN08449954,simple,77065,Salix purpurea,Sp1,,,,,not collected,,no,,,,,UNIVERSITY GOETTINGEN,SRA662695,,public,FB4FAC2DB1678CA6ED1AB9E004AF97B4,6BC7D0F93E422338CAFF47A5E925A372
SRR6790666,2018-02-28 08:23:33,2018-02-28 08:04:59,5259431,473348790,0,90,146,,https://sra-downloadb.be-md.ncbi.nlm.nih.gov/sos5/sra-pub-zq-14/SRR006/790/SRR6790666.sralite.1,SRX3749760,Sp10,RAD-Seq,Reduced Representation,GENOMIC,SINGLE,0,0,ILLUMINA,Illumina HiSeq 2500,SRP133640,PRJNA429746,,429746,SRS3005997,SAMN08449963,simple,77065,Salix purpurea,Sp10,,,,,female,,no,,,,,UNIVERSITY GOETTINGEN,SRA662695,,public,569DE9634FED50F88452B45A15CC368D,D213B836C014E20B464308077EACA061
SRR6790672,2018-02-28 08:23:33,2018-02-28 08:06:41,9634418,867097620,0,90,267,,https://sra-downloadb.be-md.ncbi.nlm.nih.gov/sos5/sra-pub-zq-14/SRR006/790/SRR6790672.sralite.1,SRX3749754,Sp2,RAD-Seq,Reduced Representation,GENOMIC,SINGLE,0,0,ILLUMINA,Illumina HiSeq 2500,SRP133640,PRJNA429746,,429746,SRS3005991,SAMN08449955,simple,77065,Salix purpurea,Sp2,,,,,not collected,,no,,,,,UNIVERSITY GOETTINGEN,SRA662695,,public,67B5D547C9A3C9C515BF5C979D06BF56,B80F0EA0A071DFD443224C1B9DD0EDDC
SRR6790673,2018-02-28 08:23:33,2018-02-28 08:06:11,7262996,653669640,0,90,201,,https://sra-downloadb.be-md.ncbi.nlm.nih.gov/sos5/sra-pub-zq-14/SRR006/790/SRR6790673.sralite.1,SRX3749753,Sp3,RAD-Seq,Reduced Representation,GENOMIC,SINGLE,0,0,ILLUMINA,Illumina HiSeq 2500,SRP133640,PRJNA429746,,429746,SRS3005990,SAMN08449956,simple,77065,Salix purpurea,Sp3,,,,,female,,no,,,,,UNIVERSITY GOETTINGEN,SRA662695,,public,9B625839210F4B13A3D824A383A06C9C,4F285A2222C703CA09A36DF58A00EA6E
SRR6790674,2018-02-28 08:23:33,2018-02-28 08:06:12,8088403,727956270,0,90,227,,https://sra-downloadb.be-md.ncbi.nlm.nih.gov/sos5/sra-pub-zq-14/SRR006/790/SRR6790674.sralite.1,SRX3749752,Sp4,RAD-Seq,Reduced Representation,GENOMIC,SINGLE,0,0,ILLUMINA,Illumina HiSeq 2500,SRP133640,PRJNA429746,,429746,SRS3005989,SAMN08449957,simple,77065,Salix purpurea,Sp4,,,,,male,,no,,,,,UNIVERSITY GOETTINGEN,SRA662695,,public,793B048EB104223C707BB2E7F3516258,DD2E8D2E6391E9E44408B5F8B665ACA4
SRR6790667,2018-02-28 08:23:33,2018-02-28 08:05:17,6347578,571282020,0,90,174,,https://sra-downloadb.be-md.ncbi.nlm.nih.gov/sos5/sra-pub-zq-14/SRR006/790/SRR6790667.sralite.1,SRX3749759,Sp5,RAD-Seq,Reduced Representation,GENOMIC,SINGLE,0,0,ILLUMINA,Illumina HiSeq 2500,SRP133640,PRJNA429746,,429746,SRS3005994,SAMN08449958,simple,77065,Salix purpurea,Sp5,,,,,not collected,,no,,,,,UNIVERSITY GOETTINGEN,SRA662695,,public,D2E665A873426D55A97344313E7DCA39,7CD7480AFC4189B791EED371BA32122C
SRR6790668,2018-02-28 08:23:33,2018-02-28 08:05:13,5698865,512897850,0,90,160,,https://sra-downloadb.be-md.ncbi.nlm.nih.gov/sos5/sra-pub-zq-14/SRR006/790/SRR6790668.sralite.1,SRX3749758,Sp6,RAD-Seq,Reduced Representation,GENOMIC,SINGLE,0,0,ILLUMINA,Illumina HiSeq 2500,SRP133640,PRJNA429746,,429746,SRS3005996,SAMN08449959,simple,77065,Salix purpurea,Sp6,,,,,male,,no,,,,,UNIVERSITY GOETTINGEN,SRA662695,,public,67B4743431196EDE854C1AF229C28900,A183B5FD2110F6CF401631CF757AC141
SRR6790669,2018-02-28 08:23:33,2018-02-28 08:04:56,4373102,393579180,0,90,119,,https://sra-downloadb.be-md.ncbi.nlm.nih.gov/sos5/sra-pub-zq-14/SRR006/790/SRR6790669.sralite.1,SRX3749757,Sp7,RAD-Seq,Reduced Representation,GENOMIC,SINGLE,0,0,ILLUMINA,Illumina HiSeq 2500,SRP133640,PRJNA429746,,429746,SRS3005995,SAMN08449960,simple,77065,Salix purpurea,Sp7,,,,,male,,no,,,,,UNIVERSITY GOETTINGEN,SRA662695,,public,0232112324A0D71F615DCB5F66CC1FF8,E24FA112E85056859ED72D977C08B222
SRR6790670,2018-02-28 08:23:33,2018-02-28 08:05:43,8016014,721441260,0,90,220,,https://sra-downloadb.be-md.ncbi.nlm.nih.gov/sos5/sra-pub-zq-14/SRR006/790/SRR6790670.sralite.1,SRX3749756,Sp8,RAD-Seq,Reduced Representation,GENOMIC,SINGLE,0,0,ILLUMINA,Illumina HiSeq 2500,SRP133640,PRJNA429746,,429746,SRS3005993,SAMN08449961,simple,77065,Salix purpurea,Sp8,,,,,female,,no,,,,,UNIVERSITY GOETTINGEN,SRA662695,,public,F1E2FC7007C763919542229B3E53D8F5,797052D2F9957E00F1A67037D2827D64
SRR6790665,2018-02-28 08:23:33,2018-02-28 08:06:11,8271578,744442020,0,90,228,,https://sra-downloadb.be-md.ncbi.nlm.nih.gov/sos5/sra-pub-zq-14/SRR006/790/SRR6790665.sralite.1,SRX3749761,Sp9,RAD-Seq,Reduced Representation,GENOMIC,SINGLE,0,0,ILLUMINA,Illumina HiSeq 2500,SRP133640,PRJNA429746,,429746,SRS3005998,SAMN08449962,simple,77065,Salix purpurea,Sp9,,,,,female,,no,,,,,UNIVERSITY GOETTINGEN,SRA662695,,public,C21CC659337F4A1138BA7561958A18E6,BEDA01A139012ADE3EAB43DA85C7C008
